# Blender 4.0.2
# www.blender.org
mtllib car.mtl
o Cube
v 0.895584 0.869790 -1.125172
v 1.002344 -0.774379 -0.982791
v 0.892683 0.821701 0.886453
v 0.999335 -0.694241 1.017743
v -0.002033 0.787609 0.971879
v 0.999335 -0.694241 1.017743
v -0.000663 -0.695208 1.016278
v 0.780224 0.788366 0.973025
v -0.001579 -0.775346 -0.984256
v -0.001938 0.820836 0.885142
v -0.000663 -0.695208 1.016278
v -0.002042 0.868924 -1.126483
v 0.414623 -0.066812 3.203990
v -0.004475 -0.067218 3.203376
v -0.003568 -0.777063 3.052596
v 0.415530 -0.776658 3.053210
v 0.836068 0.516714 -2.289636
v 0.836979 -0.567116 -2.195886
v 0.000000 0.515908 -2.290857
v 0.000000 -0.567922 -2.197107
v 1.001366 0.389624 -1.083475
v 0.998381 0.440782 0.919565
v -0.001617 0.439815 0.918100
v 0.998381 0.440782 0.919565
v -0.002104 0.388656 -1.084941
v -0.001617 0.439815 0.918100
v -0.004257 -0.238312 3.167034
v 0.414841 -0.237907 3.167648
v 0.836250 0.299536 -2.270851
v 0.000000 0.298730 -2.272071
v -0.003112 0.410035 1.957522
v 0.576968 0.410597 1.958372
v 0.707460 -0.767825 2.038277
v -0.002088 -0.768512 2.037238
v -0.002937 0.100751 2.042567
v 0.706611 0.101438 2.043606
v 0.892683 0.821701 0.886453
v -0.001938 0.820836 0.885142
v 0.653653 0.377444 2.045221
v -0.003207 0.376809 2.044259
v 0.780328 0.720839 0.947157
v -0.001929 0.720082 0.946011
v 0.577071 0.343069 1.932504
v -0.003008 0.342508 1.931654
v 0.975492 -0.550895 -2.330392
v 0.975383 -0.439909 -2.329072
v 0.975244 -0.331313 -2.306125
v 0.975082 -0.229280 -2.262433
v 0.974901 -0.137731 -2.199675
v 0.974710 -0.060186 -2.120263
v 0.974515 0.000377 -2.027248
v 0.974324 0.041631 -1.924205
v 0.974144 0.061988 -1.815094
v 0.973983 0.060668 -1.704108
v 0.973846 0.037722 -1.595511
v 0.973739 -0.005971 -1.493479
v 0.973665 -0.068729 -1.401930
v 0.973629 -0.148141 -1.324384
v 0.973630 -0.241156 -1.263821
v 0.973669 -0.344199 -1.222568
v 0.973745 -0.453310 -1.202210
v 0.973854 -0.564297 -1.203530
v 0.973993 -0.672893 -1.226477
v 0.974155 -0.774926 -1.270168
v 0.974336 -0.866474 -1.332926
v 0.974527 -0.944020 -1.412339
v 0.974722 -1.004583 -1.505354
v 0.974913 -1.045836 -1.608397
v 0.975093 -1.066194 -1.717508
v 0.975254 -1.064874 -1.828494
v 0.975391 -1.041927 -1.937090
v 0.975498 -0.998235 -2.039123
v 0.975572 -0.935477 -2.130671
v 0.975608 -0.856064 -2.208217
v 0.975607 -0.763049 -2.268780
v 0.975568 -0.660006 -2.310034
v 1.460976 -0.439439 -2.328361
v 1.461085 -0.550425 -2.329680
v 1.460837 -0.330843 -2.305413
v 1.460674 -0.228810 -2.261722
v 1.460494 -0.137262 -2.198964
v 1.460302 -0.059716 -2.119552
v 1.460107 0.000847 -2.026537
v 1.459917 0.042100 -1.923494
v 1.459737 0.062458 -1.814383
v 1.459576 0.061138 -1.703396
v 1.459439 0.038191 -1.594800
v 1.459331 -0.005501 -1.492767
v 1.459258 -0.068259 -1.401219
v 1.459221 -0.147671 -1.323673
v 1.459222 -0.240686 -1.263110
v 1.459262 -0.343729 -1.221857
v 1.459337 -0.452841 -1.201499
v 1.459447 -0.563827 -1.202819
v 1.459585 -0.672423 -1.225765
v 1.459748 -0.774456 -1.269457
v 1.459929 -0.866004 -1.332215
v 1.460120 -0.943550 -1.411627
v 1.460315 -1.004113 -1.504642
v 1.460506 -1.045366 -1.607685
v 1.460685 -1.065724 -1.716796
v 1.460847 -1.064404 -1.827782
v 1.460984 -1.041457 -1.936379
v 1.461091 -0.997765 -2.038412
v 1.461164 -0.935007 -2.129960
v 1.461201 -0.855595 -2.207506
v 1.461200 -0.762580 -2.268069
v 1.461161 -0.659537 -2.309323
v 0.975565 -0.425120 -2.462894
v 0.975700 -0.562497 -2.464527
v 0.975393 -0.290700 -2.434490
v 0.975192 -0.164405 -2.380409
v 0.974968 -0.051087 -2.302728
v 0.974731 0.044898 -2.204432
v 0.974490 0.119863 -2.089299
v 0.974254 0.170926 -1.961753
v 0.974032 0.196124 -1.826697
v 0.973832 0.194491 -1.689319
v 0.973662 0.166087 -1.554899
v 0.973530 0.112005 -1.428604
v 0.973439 0.034324 -1.315286
v 0.973393 -0.063972 -1.219300
v 0.973395 -0.179105 -1.144336
v 0.973443 -0.306651 -1.093273
v 0.973537 -0.441708 -1.068074
v 0.973672 -0.579086 -1.069708
v 0.973844 -0.713505 -1.098111
v 0.974045 -0.839800 -1.152192
v 0.974269 -0.953118 -1.229874
v 0.974506 -1.049104 -1.328170
v 0.974747 -1.124068 -1.443303
v 0.974983 -1.175131 -1.570848
v 0.975206 -1.200330 -1.705905
v 0.975405 -1.198696 -1.843283
v 0.975575 -1.170292 -1.977702
v 0.975707 -1.116211 -2.103997
v 0.975798 -1.038529 -2.217315
v 0.975844 -0.940233 -2.313301
v 0.975842 -0.825100 -2.388266
v 0.975794 -0.697554 -2.439329
v 1.461157 -0.424650 -2.462183
v 1.461293 -0.562028 -2.463816
v 1.460986 -0.290230 -2.433779
v 1.460784 -0.163935 -2.379698
v 1.460561 -0.050617 -2.302016
v 1.460324 0.045368 -2.203721
v 1.460083 0.120333 -2.088588
v 1.459847 0.171395 -1.961042
v 1.459624 0.196594 -1.825985
v 1.459425 0.194960 -1.688607
v 1.459255 0.166557 -1.554188
v 1.459122 0.112475 -1.427893
v 1.459031 0.034794 -1.314575
v 1.458986 -0.063502 -1.218589
v 1.458987 -0.178635 -1.143624
v 1.459036 -0.306181 -1.092562
v 1.459130 -0.441238 -1.067363
v 1.459265 -0.578616 -1.068997
v 1.459437 -0.713035 -1.097399
v 1.459638 -0.839331 -1.151481
v 1.459861 -0.952648 -1.229162
v 1.460098 -1.048634 -1.327458
v 1.460340 -1.123598 -1.442591
v 1.460576 -1.174661 -1.570137
v 1.460798 -1.199860 -1.705194
v 1.460998 -1.198226 -1.842571
v 1.461167 -1.169823 -1.976991
v 1.461300 -1.115741 -2.103286
v 1.461391 -1.038059 -2.216604
v 1.461437 -0.939764 -2.312590
v 1.461435 -0.824630 -2.387554
v 1.461386 -0.697085 -2.438617
v 1.092303 -0.439796 -2.328901
v 1.092413 -0.550782 -2.330220
v 1.092165 -0.331200 -2.305954
v 1.092002 -0.229167 -2.262262
v 1.091821 -0.137618 -2.199504
v 1.091630 -0.060073 -2.120092
v 1.091435 0.000491 -2.027077
v 1.091244 0.041744 -1.924034
v 1.091065 0.062101 -1.814923
v 1.090903 0.060782 -1.703936
v 1.090766 0.037835 -1.595340
v 1.090659 -0.005857 -1.493308
v 1.090586 -0.068615 -1.401759
v 1.090549 -0.148028 -1.324213
v 1.090550 -0.241043 -1.263650
v 1.090589 -0.344086 -1.222397
v 1.090665 -0.453197 -1.202039
v 1.090775 -0.564183 -1.203359
v 1.090913 -0.672780 -1.226305
v 1.091076 -0.774812 -1.269997
v 1.091256 -0.866361 -1.332755
v 1.091448 -0.943906 -1.412167
v 1.091643 -1.004470 -1.505182
v 1.091834 -1.045723 -1.608225
v 1.092013 -1.066081 -1.717336
v 1.092175 -1.064761 -1.828323
v 1.092311 -1.041814 -1.936919
v 1.092419 -0.998122 -2.038952
v 1.092492 -0.935364 -2.130500
v 1.092529 -0.855951 -2.208046
v 1.092528 -0.762936 -2.268609
v 1.092488 -0.659893 -2.309863
v 1.299082 -0.439596 -2.328598
v 1.299192 -0.550582 -2.329917
v 1.298944 -0.330999 -2.305651
v 1.298781 -0.228967 -2.261959
v 1.298600 -0.137418 -2.199201
v 1.298409 -0.059873 -2.119789
v 1.298214 0.000691 -2.026774
v 1.298023 0.041944 -1.923731
v 1.297844 0.062302 -1.814620
v 1.297683 0.060982 -1.703634
v 1.297545 0.038035 -1.595037
v 1.297438 -0.005657 -1.493004
v 1.297365 -0.068415 -1.401456
v 1.297328 -0.147828 -1.323910
v 1.297329 -0.240843 -1.263347
v 1.297368 -0.343886 -1.222094
v 1.297444 -0.452997 -1.201736
v 1.297553 -0.563983 -1.203056
v 1.297692 -0.672580 -1.226002
v 1.297855 -0.774612 -1.269694
v 1.298035 -0.866161 -1.332452
v 1.298227 -0.943706 -1.411864
v 1.298422 -1.004269 -1.504879
v 1.298612 -1.045523 -1.607923
v 1.298792 -1.065881 -1.717033
v 1.298953 -1.064560 -1.828020
v 1.299090 -1.041614 -1.936616
v 1.299198 -0.997922 -2.038649
v 1.299271 -0.935164 -2.130197
v 1.299308 -0.855751 -2.207743
v 1.299307 -0.762736 -2.268306
v 1.299267 -0.659693 -2.309560
v 1.299082 -0.439596 -2.328598
v 1.299192 -0.550582 -2.329917
v 1.298944 -0.330999 -2.305651
v 1.298781 -0.228967 -2.261959
v 1.298600 -0.137418 -2.199201
v 1.298409 -0.059873 -2.119789
v 1.298214 0.000691 -2.026774
v 1.298023 0.041944 -1.923731
v 1.297844 0.062302 -1.814620
v 1.297683 0.060982 -1.703634
v 1.297545 0.038035 -1.595037
v 1.297438 -0.005657 -1.493004
v 1.297365 -0.068415 -1.401456
v 1.297328 -0.147828 -1.323910
v 1.297329 -0.240843 -1.263347
v 1.297368 -0.343886 -1.222094
v 1.297444 -0.452997 -1.201736
v 1.297553 -0.563983 -1.203056
v 1.297692 -0.672580 -1.226002
v 1.297855 -0.774612 -1.269694
v 1.298035 -0.866161 -1.332452
v 1.298227 -0.943706 -1.411864
v 1.298422 -1.004269 -1.504879
v 1.298612 -1.045523 -1.607923
v 1.298792 -1.065881 -1.717033
v 1.298953 -1.064560 -1.828020
v 1.299090 -1.041614 -1.936616
v 1.299198 -0.997922 -2.038649
v 1.299271 -0.935164 -2.130197
v 1.299308 -0.855751 -2.207743
v 1.299307 -0.762736 -2.268306
v 1.299267 -0.659693 -2.309560
v 1.299082 -0.439596 -2.328598
v 1.299192 -0.550582 -2.329917
v 1.298944 -0.330999 -2.305651
v 1.298781 -0.228967 -2.261959
v 1.298600 -0.137418 -2.199201
v 1.298409 -0.059873 -2.119789
v 1.298214 0.000691 -2.026774
v 1.298023 0.041944 -1.923731
v 1.297844 0.062302 -1.814620
v 1.297683 0.060982 -1.703634
v 1.297545 0.038035 -1.595037
v 1.297438 -0.005657 -1.493004
v 1.297365 -0.068415 -1.401456
v 1.297328 -0.147828 -1.323910
v 1.297329 -0.240843 -1.263347
v 1.297368 -0.343886 -1.222094
v 1.297444 -0.452997 -1.201736
v 1.297553 -0.563983 -1.203056
v 1.297692 -0.672580 -1.226002
v 1.297855 -0.774612 -1.269694
v 1.298035 -0.866161 -1.332452
v 1.298227 -0.943706 -1.411864
v 1.298422 -1.004269 -1.504879
v 1.298612 -1.045523 -1.607923
v 1.298792 -1.065881 -1.717033
v 1.298953 -1.064560 -1.828020
v 1.299090 -1.041614 -1.936616
v 1.299198 -0.997922 -2.038649
v 1.299271 -0.935164 -2.130197
v 1.299308 -0.855751 -2.207743
v 1.299307 -0.762736 -2.268306
v 1.299267 -0.659693 -2.309560
v 1.299082 -0.439596 -2.328598
v 1.299192 -0.550582 -2.329917
v 1.298944 -0.330999 -2.305651
v 1.298781 -0.228967 -2.261959
v 1.298600 -0.137418 -2.199201
v 1.298409 -0.059873 -2.119789
v 1.298214 0.000691 -2.026774
v 1.298023 0.041944 -1.923731
v 1.297844 0.062302 -1.814620
v 1.297683 0.060982 -1.703634
v 1.297545 0.038035 -1.595037
v 1.297438 -0.005657 -1.493004
v 1.297365 -0.068415 -1.401456
v 1.297328 -0.147828 -1.323910
v 1.297329 -0.240843 -1.263347
v 1.297368 -0.343886 -1.222094
v 1.297444 -0.452997 -1.201736
v 1.297553 -0.563983 -1.203056
v 1.297692 -0.672580 -1.226002
v 1.297855 -0.774612 -1.269694
v 1.298035 -0.866161 -1.332452
v 1.298227 -0.943706 -1.411864
v 1.298422 -1.004269 -1.504879
v 1.298612 -1.045523 -1.607923
v 1.298792 -1.065881 -1.717033
v 1.298953 -1.064560 -1.828020
v 1.299090 -1.041614 -1.936616
v 1.299198 -0.997922 -2.038649
v 1.299271 -0.935164 -2.130197
v 1.299308 -0.855751 -2.207743
v 1.299307 -0.762736 -2.268306
v 1.299267 -0.659693 -2.309560
v 1.290899 -0.515414 -1.677307
v 1.291316 -0.548528 -1.690235
v 1.291685 -0.574175 -1.714851
v 1.291948 -0.588448 -1.747410
v 1.292067 -0.589177 -1.782952
v 1.292023 -0.576249 -1.816069
v 1.291823 -0.551633 -1.841718
v 1.291497 -0.519076 -1.855993
v 1.291095 -0.483536 -1.856723
v 1.290678 -0.450421 -1.843795
v 1.290310 -0.424775 -1.819179
v 1.290046 -0.410502 -1.786620
v 1.289927 -0.409773 -1.751078
v 1.289971 -0.422701 -1.717962
v 1.290172 -0.447317 -1.692313
v 1.290498 -0.479874 -1.678037
v 1.381604 -0.478837 -1.677754
v -0.331582 -0.498325 -1.683083
v 1.381278 -0.446281 -1.692029
v -0.331908 -0.465768 -1.697359
v 1.381078 -0.421665 -1.717678
v -0.332108 -0.441152 -1.723007
v 1.381034 -0.408737 -1.750794
v -0.332152 -0.428225 -1.756124
v 1.381153 -0.409465 -1.786337
v -0.332033 -0.428953 -1.791667
v 1.381416 -0.423739 -1.818895
v -0.331769 -0.443227 -1.824225
v 1.381785 -0.449385 -1.843512
v -0.331401 -0.468873 -1.848841
v 1.382201 -0.482499 -1.856439
v -0.330984 -0.501987 -1.861769
v 1.382603 -0.518040 -1.855710
v -0.330582 -0.537527 -1.861039
v 1.382929 -0.550596 -1.841434
v -0.330256 -0.570084 -1.846764
v 1.383129 -0.575212 -1.815785
v -0.330056 -0.594700 -1.821115
v 1.383173 -0.588140 -1.782669
v -0.330012 -0.607628 -1.787998
v 1.383054 -0.587412 -1.747126
v -0.330131 -0.606900 -1.752456
v 1.382791 -0.573138 -1.714568
v -0.330395 -0.592626 -1.719898
v 1.382423 -0.547492 -1.689951
v -0.330763 -0.566980 -1.695281
v 1.382006 -0.514378 -1.677024
v -0.331180 -0.533866 -1.682353
v 0.836315 -0.653739 2.046529
v 0.836206 -0.542753 2.047848
v 0.836067 -0.434157 2.070795
v 0.835904 -0.332124 2.114487
v 0.835724 -0.240575 2.177245
v 0.835533 -0.163030 2.256657
v 0.835338 -0.102466 2.349672
v 0.835147 -0.061213 2.452715
v 0.834967 -0.040856 2.561826
v 0.834806 -0.042175 2.672812
v 0.834669 -0.065122 2.781409
v 0.834562 -0.108814 2.883441
v 0.834488 -0.171572 2.974990
v 0.834451 -0.250985 3.052536
v 0.834453 -0.344000 3.113099
v 0.834492 -0.447043 3.154352
v 0.834568 -0.556154 3.174710
v 0.834677 -0.667140 3.173390
v 0.834816 -0.775737 3.150443
v 0.834978 -0.877769 3.106752
v 0.835159 -0.969318 3.043994
v 0.835350 -1.046864 2.964581
v 0.835545 -1.107427 2.871567
v 0.835736 -1.148680 2.768523
v 0.835916 -1.169038 2.659412
v 0.836077 -1.167717 2.548426
v 0.836214 -1.144771 2.439830
v 0.836321 -1.101079 2.337797
v 0.836395 -1.038321 2.246249
v 0.836431 -0.958908 2.168703
v 0.836430 -0.865893 2.108140
v 0.836391 -0.762850 2.066886
v 1.321798 -0.542283 2.048559
v 1.321908 -0.653269 2.047240
v 1.321660 -0.433687 2.071507
v 1.321497 -0.331654 2.115198
v 1.321316 -0.240106 2.177956
v 1.321125 -0.162560 2.257369
v 1.320930 -0.101997 2.350384
v 1.320740 -0.060744 2.453426
v 1.320560 -0.040386 2.562538
v 1.320399 -0.041706 2.673524
v 1.320261 -0.064653 2.782120
v 1.320154 -0.108345 2.884153
v 1.320081 -0.171103 2.975701
v 1.320044 -0.250515 3.053247
v 1.320045 -0.343530 3.113810
v 1.320085 -0.446573 3.155063
v 1.320160 -0.555684 3.175421
v 1.320270 -0.666671 3.174102
v 1.320408 -0.775267 3.151155
v 1.320571 -0.877300 3.107463
v 1.320751 -0.968848 3.044705
v 1.320943 -1.046394 2.965293
v 1.321138 -1.106957 2.872278
v 1.321329 -1.148210 2.769235
v 1.321508 -1.168568 2.660124
v 1.321670 -1.167248 2.549138
v 1.321806 -1.144301 2.440541
v 1.321914 -1.100609 2.338509
v 1.321987 -1.037851 2.246960
v 1.322024 -0.958439 2.169414
v 1.322023 -0.865423 2.108851
v 1.321983 -0.762380 2.067597
v 0.836388 -0.527964 1.914026
v 0.836523 -0.665341 1.912393
v 0.836216 -0.393544 1.942430
v 0.836015 -0.267249 1.996511
v 0.835791 -0.153931 2.074192
v 0.835554 -0.057946 2.172488
v 0.835313 0.017019 2.287621
v 0.835077 0.068082 2.415167
v 0.834854 0.093281 2.550223
v 0.834655 0.091647 2.687601
v 0.834485 0.063243 2.822021
v 0.834352 0.009162 2.948316
v 0.834262 -0.068520 3.061634
v 0.834216 -0.166816 3.157619
v 0.834218 -0.281949 3.232584
v 0.834266 -0.409495 3.283647
v 0.834360 -0.544552 3.308846
v 0.834495 -0.681929 3.307212
v 0.834667 -0.816349 3.278809
v 0.834868 -0.942644 3.224728
v 0.835092 -1.055962 3.147046
v 0.835329 -1.151948 3.048750
v 0.835570 -1.226912 2.933617
v 0.835806 -1.277975 2.806072
v 0.836028 -1.303174 2.671015
v 0.836228 -1.301540 2.533637
v 0.836398 -1.273136 2.399218
v 0.836530 -1.219055 2.272923
v 0.836621 -1.141373 2.159605
v 0.836667 -1.043077 2.063619
v 0.836665 -0.927944 1.988654
v 0.836617 -0.800398 1.937591
v 1.321980 -0.527494 1.914737
v 1.322116 -0.664872 1.913104
v 1.321809 -0.393074 1.943141
v 1.321607 -0.266779 1.997222
v 1.321384 -0.153461 2.074903
v 1.321147 -0.057476 2.173199
v 1.320906 0.017489 2.288332
v 1.320670 0.068552 2.415878
v 1.320447 0.093750 2.550935
v 1.320248 0.092116 2.688313
v 1.320078 0.063713 2.822732
v 1.319945 0.009631 2.949028
v 1.319854 -0.068050 3.062346
v 1.319809 -0.166346 3.158331
v 1.319810 -0.281479 3.233296
v 1.319859 -0.409025 3.284359
v 1.319952 -0.544082 3.309557
v 1.320088 -0.681460 3.307924
v 1.320259 -0.815879 3.279521
v 1.320461 -0.942175 3.225439
v 1.320684 -1.055492 3.147758
v 1.320921 -1.151478 3.049462
v 1.321162 -1.226442 2.934329
v 1.321399 -1.277505 2.806783
v 1.321621 -1.302704 2.671726
v 1.321821 -1.301070 2.534349
v 1.321990 -1.272666 2.399930
v 1.322123 -1.218585 2.273634
v 1.322214 -1.140903 2.160316
v 1.322259 -1.042608 2.064330
v 1.322258 -0.927474 1.989366
v 1.322209 -0.799928 1.938303
v 0.953126 -0.542640 2.048019
v 0.953236 -0.653626 2.046700
v 0.952988 -0.434043 2.070966
v 0.952825 -0.332011 2.114658
v 0.952644 -0.240462 2.177416
v 0.952453 -0.162916 2.256829
v 0.952258 -0.102353 2.349844
v 0.952067 -0.061100 2.452886
v 0.951888 -0.040742 2.561997
v 0.951726 -0.042062 2.672984
v 0.951589 -0.065009 2.781580
v 0.951482 -0.108701 2.883613
v 0.951409 -0.171459 2.975161
v 0.951372 -0.250872 3.052707
v 0.951373 -0.343887 3.113270
v 0.951412 -0.446930 3.154523
v 0.951488 -0.556041 3.174881
v 0.951597 -0.667027 3.173561
v 0.951736 -0.775624 3.150615
v 0.951899 -0.877656 3.106923
v 0.952079 -0.969205 3.044165
v 0.952271 -1.046750 2.964753
v 0.952466 -1.107314 2.871738
v 0.952657 -1.148566 2.768695
v 0.952836 -1.168925 2.659584
v 0.952997 -1.167604 2.548598
v 0.953134 -1.144658 2.440001
v 0.953242 -1.100966 2.337969
v 0.953315 -1.038208 2.246420
v 0.953352 -0.958795 2.168874
v 0.953351 -0.865780 2.108311
v 0.953311 -0.762737 2.067057
v 1.159905 -0.542440 2.048322
v 1.160015 -0.653426 2.047003
v 1.159767 -0.433843 2.071269
v 1.159604 -0.331811 2.114961
v 1.159423 -0.240262 2.177719
v 1.159232 -0.162716 2.257131
v 1.159037 -0.102153 2.350146
v 1.158846 -0.060900 2.453189
v 1.158667 -0.040542 2.562300
v 1.158505 -0.041862 2.673287
v 1.158368 -0.064809 2.781883
v 1.158261 -0.108501 2.883916
v 1.158188 -0.171259 2.975464
v 1.158151 -0.250672 3.053010
v 1.158152 -0.343687 3.113573
v 1.158191 -0.446730 3.154826
v 1.158267 -0.555841 3.175184
v 1.158376 -0.666827 3.173864
v 1.158515 -0.775424 3.150918
v 1.158678 -0.877456 3.107226
v 1.158858 -0.969005 3.044468
v 1.159050 -1.046550 2.965056
v 1.159245 -1.107113 2.872041
v 1.159435 -1.148367 2.768998
v 1.159615 -1.168725 2.659887
v 1.159776 -1.167404 2.548900
v 1.159913 -1.144458 2.440304
v 1.160020 -1.100766 2.338271
v 1.160094 -1.038007 2.246723
v 1.160131 -0.958595 2.169177
v 1.160130 -0.865580 2.108614
v 1.160090 -0.762537 2.067360
v 1.159905 -0.542440 2.048322
v 1.160015 -0.653426 2.047003
v 1.159767 -0.433843 2.071269
v 1.159604 -0.331811 2.114961
v 1.159423 -0.240262 2.177719
v 1.159232 -0.162716 2.257131
v 1.159037 -0.102153 2.350146
v 1.158846 -0.060900 2.453189
v 1.158667 -0.040542 2.562300
v 1.158505 -0.041862 2.673287
v 1.158368 -0.064809 2.781883
v 1.158261 -0.108501 2.883916
v 1.158188 -0.171259 2.975464
v 1.158151 -0.250672 3.053010
v 1.158152 -0.343687 3.113573
v 1.158191 -0.446730 3.154826
v 1.158267 -0.555841 3.175184
v 1.158376 -0.666827 3.173864
v 1.158515 -0.775424 3.150918
v 1.158678 -0.877456 3.107226
v 1.158858 -0.969005 3.044468
v 1.159050 -1.046550 2.965056
v 1.159245 -1.107113 2.872041
v 1.159435 -1.148367 2.768998
v 1.159615 -1.168725 2.659887
v 1.159776 -1.167404 2.548900
v 1.159913 -1.144458 2.440304
v 1.160020 -1.100766 2.338271
v 1.160094 -1.038007 2.246723
v 1.160131 -0.958595 2.169177
v 1.160130 -0.865580 2.108614
v 1.160090 -0.762537 2.067360
v 1.159905 -0.542440 2.048322
v 1.160015 -0.653426 2.047003
v 1.159767 -0.433843 2.071269
v 1.159604 -0.331811 2.114961
v 1.159423 -0.240262 2.177719
v 1.159232 -0.162716 2.257131
v 1.159037 -0.102153 2.350146
v 1.158846 -0.060900 2.453189
v 1.158667 -0.040542 2.562300
v 1.158505 -0.041862 2.673287
v 1.158368 -0.064809 2.781883
v 1.158261 -0.108501 2.883916
v 1.158188 -0.171259 2.975464
v 1.158151 -0.250672 3.053010
v 1.158152 -0.343687 3.113573
v 1.158191 -0.446730 3.154826
v 1.158267 -0.555841 3.175184
v 1.158376 -0.666827 3.173864
v 1.158515 -0.775424 3.150918
v 1.158678 -0.877456 3.107226
v 1.158858 -0.969005 3.044468
v 1.159050 -1.046550 2.965056
v 1.159245 -1.107113 2.872041
v 1.159435 -1.148367 2.768998
v 1.159615 -1.168725 2.659887
v 1.159776 -1.167404 2.548900
v 1.159913 -1.144458 2.440304
v 1.160020 -1.100766 2.338271
v 1.160094 -1.038007 2.246723
v 1.160131 -0.958595 2.169177
v 1.160130 -0.865580 2.108614
v 1.160090 -0.762537 2.067360
v 1.159905 -0.542440 2.048322
v 1.160015 -0.653426 2.047003
v 1.159767 -0.433843 2.071269
v 1.159604 -0.331811 2.114961
v 1.159423 -0.240262 2.177719
v 1.159232 -0.162716 2.257131
v 1.159037 -0.102153 2.350146
v 1.158846 -0.060900 2.453189
v 1.158667 -0.040542 2.562300
v 1.158505 -0.041862 2.673287
v 1.158368 -0.064809 2.781883
v 1.158261 -0.108501 2.883916
v 1.158188 -0.171259 2.975464
v 1.158151 -0.250672 3.053010
v 1.158152 -0.343687 3.113573
v 1.158191 -0.446730 3.154826
v 1.158267 -0.555841 3.175184
v 1.158376 -0.666827 3.173864
v 1.158515 -0.775424 3.150918
v 1.158678 -0.877456 3.107226
v 1.158858 -0.969005 3.044468
v 1.159050 -1.046550 2.965056
v 1.159245 -1.107113 2.872041
v 1.159435 -1.148367 2.768998
v 1.159615 -1.168725 2.659887
v 1.159776 -1.167404 2.548900
v 1.159913 -1.144458 2.440304
v 1.160020 -1.100766 2.338271
v 1.160094 -1.038007 2.246723
v 1.160131 -0.958595 2.169177
v 1.160130 -0.865580 2.108614
v 1.160090 -0.762537 2.067360
v 1.151722 -0.618258 2.699613
v 1.152139 -0.651372 2.686685
v 1.152508 -0.677018 2.662068
v 1.152771 -0.691292 2.629510
v 1.152890 -0.692021 2.593967
v 1.152846 -0.679093 2.560851
v 1.152646 -0.654477 2.535203
v 1.152320 -0.621920 2.520927
v 1.151918 -0.586379 2.520197
v 1.151501 -0.553265 2.533125
v 1.151133 -0.527619 2.557741
v 1.150869 -0.513345 2.590299
v 1.150750 -0.512617 2.625842
v 1.150794 -0.525545 2.658959
v 1.150994 -0.550161 2.684607
v 1.151320 -0.582718 2.698883
v 1.242427 -0.581681 2.699166
v -0.470759 -0.601169 2.693836
v 1.242101 -0.549125 2.684891
v -0.471085 -0.568612 2.679561
v 1.241901 -0.524509 2.659242
v -0.471285 -0.543996 2.653913
v 1.241857 -0.511581 2.626125
v -0.471329 -0.531068 2.620796
v 1.241976 -0.512309 2.590583
v -0.471210 -0.531797 2.585253
v 1.242239 -0.526583 2.558025
v -0.470946 -0.546071 2.552695
v 1.242607 -0.552229 2.533408
v -0.470578 -0.571717 2.528079
v 1.243024 -0.585343 2.520481
v -0.470161 -0.604831 2.515151
v 1.243426 -0.620884 2.521210
v -0.469759 -0.640371 2.515881
v 1.243752 -0.653440 2.535486
v -0.469433 -0.672928 2.530157
v 1.243952 -0.678056 2.561135
v -0.469233 -0.697544 2.555805
v 1.243996 -0.690984 2.594251
v -0.469189 -0.710472 2.588921
v 1.243878 -0.690256 2.629794
v -0.469308 -0.709743 2.624465
v 1.243614 -0.675982 2.662352
v -0.469572 -0.695470 2.657022
v 1.243245 -0.650336 2.686969
v -0.469940 -0.669823 2.681639
v 1.242829 -0.617222 2.699896
v -0.470357 -0.636709 2.694566
v -0.895584 0.869790 -1.125172
v -1.002344 -0.774379 -0.982791
v -0.892683 0.821701 0.886453
v -0.999335 -0.694241 1.017743
v 0.002033 0.787609 0.971879
v -0.999335 -0.694241 1.017743
v 0.000663 -0.695208 1.016278
v -0.780224 0.788366 0.973025
v 0.001579 -0.775346 -0.984256
v 0.001938 0.820836 0.885142
v 0.000663 -0.695208 1.016278
v 0.002042 0.868924 -1.126483
v -0.414623 -0.066812 3.203990
v 0.004475 -0.067218 3.203376
v 0.003568 -0.777063 3.052596
v -0.415530 -0.776658 3.053210
v -0.836068 0.516714 -2.289636
v -0.836979 -0.567116 -2.195886
v -1.001366 0.389624 -1.083475
v -0.998381 0.440782 0.919565
v 0.001617 0.439815 0.918100
v -0.998381 0.440782 0.919565
v 0.002104 0.388656 -1.084941
v 0.001617 0.439815 0.918100
v 0.004257 -0.238312 3.167034
v -0.414841 -0.237907 3.167648
v -0.836250 0.299536 -2.270851
v 0.003112 0.410035 1.957522
v -0.576968 0.410597 1.958372
v -0.707460 -0.767825 2.038277
v 0.002088 -0.768512 2.037238
v 0.002937 0.100751 2.042567
v -0.706611 0.101438 2.043606
v -0.892683 0.821701 0.886453
v 0.001938 0.820836 0.885142
v -0.653653 0.377444 2.045221
v 0.003207 0.376809 2.044259
v -0.780328 0.720839 0.947157
v 0.001929 0.720082 0.946011
v -0.577071 0.343069 1.932504
v 0.003008 0.342508 1.931654
v -0.975492 -0.550895 -2.330392
v -0.975383 -0.439909 -2.329072
v -0.975244 -0.331313 -2.306125
v -0.975082 -0.229280 -2.262433
v -0.974901 -0.137731 -2.199675
v -0.974710 -0.060186 -2.120263
v -0.974515 0.000377 -2.027248
v -0.974324 0.041631 -1.924205
v -0.974144 0.061988 -1.815094
v -0.973983 0.060668 -1.704108
v -0.973846 0.037722 -1.595511
v -0.973739 -0.005971 -1.493479
v -0.973665 -0.068729 -1.401930
v -0.973629 -0.148141 -1.324384
v -0.973630 -0.241156 -1.263821
v -0.973669 -0.344199 -1.222568
v -0.973745 -0.453310 -1.202210
v -0.973854 -0.564297 -1.203530
v -0.973993 -0.672893 -1.226477
v -0.974155 -0.774926 -1.270168
v -0.974336 -0.866474 -1.332926
v -0.974527 -0.944020 -1.412339
v -0.974722 -1.004583 -1.505354
v -0.974913 -1.045836 -1.608397
v -0.975093 -1.066194 -1.717508
v -0.975254 -1.064874 -1.828494
v -0.975391 -1.041927 -1.937090
v -0.975498 -0.998235 -2.039123
v -0.975572 -0.935477 -2.130671
v -0.975608 -0.856064 -2.208217
v -0.975607 -0.763049 -2.268780
v -0.975568 -0.660006 -2.310034
v -1.460976 -0.439439 -2.328361
v -1.461085 -0.550425 -2.329680
v -1.460837 -0.330843 -2.305413
v -1.460674 -0.228810 -2.261722
v -1.460494 -0.137262 -2.198964
v -1.460302 -0.059716 -2.119552
v -1.460107 0.000847 -2.026537
v -1.459917 0.042100 -1.923494
v -1.459737 0.062458 -1.814383
v -1.459576 0.061138 -1.703396
v -1.459439 0.038191 -1.594800
v -1.459331 -0.005501 -1.492767
v -1.459258 -0.068259 -1.401219
v -1.459221 -0.147671 -1.323673
v -1.459222 -0.240686 -1.263110
v -1.459262 -0.343729 -1.221857
v -1.459337 -0.452841 -1.201499
v -1.459447 -0.563827 -1.202819
v -1.459585 -0.672423 -1.225765
v -1.459748 -0.774456 -1.269457
v -1.459929 -0.866004 -1.332215
v -1.460120 -0.943550 -1.411627
v -1.460315 -1.004113 -1.504642
v -1.460506 -1.045366 -1.607685
v -1.460685 -1.065724 -1.716796
v -1.460847 -1.064404 -1.827782
v -1.460984 -1.041457 -1.936379
v -1.461091 -0.997765 -2.038412
v -1.461164 -0.935007 -2.129960
v -1.461201 -0.855595 -2.207506
v -1.461200 -0.762580 -2.268069
v -1.461161 -0.659537 -2.309323
v -0.975565 -0.425120 -2.462894
v -0.975700 -0.562497 -2.464527
v -0.975393 -0.290700 -2.434490
v -0.975192 -0.164405 -2.380409
v -0.974968 -0.051087 -2.302728
v -0.974731 0.044898 -2.204432
v -0.974490 0.119863 -2.089299
v -0.974254 0.170926 -1.961753
v -0.974032 0.196124 -1.826697
v -0.973832 0.194491 -1.689319
v -0.973662 0.166087 -1.554899
v -0.973530 0.112005 -1.428604
v -0.973439 0.034324 -1.315286
v -0.973393 -0.063972 -1.219300
v -0.973395 -0.179105 -1.144336
v -0.973443 -0.306651 -1.093273
v -0.973537 -0.441708 -1.068074
v -0.973672 -0.579086 -1.069708
v -0.973844 -0.713505 -1.098111
v -0.974045 -0.839800 -1.152192
v -0.974269 -0.953118 -1.229874
v -0.974506 -1.049104 -1.328170
v -0.974747 -1.124068 -1.443303
v -0.974983 -1.175131 -1.570848
v -0.975206 -1.200330 -1.705905
v -0.975405 -1.198696 -1.843283
v -0.975575 -1.170292 -1.977702
v -0.975707 -1.116211 -2.103997
v -0.975798 -1.038529 -2.217315
v -0.975844 -0.940233 -2.313301
v -0.975842 -0.825100 -2.388266
v -0.975794 -0.697554 -2.439329
v -1.461157 -0.424650 -2.462183
v -1.461293 -0.562028 -2.463816
v -1.460986 -0.290230 -2.433779
v -1.460784 -0.163935 -2.379698
v -1.460561 -0.050617 -2.302016
v -1.460324 0.045368 -2.203721
v -1.460083 0.120333 -2.088588
v -1.459847 0.171395 -1.961042
v -1.459624 0.196594 -1.825985
v -1.459425 0.194960 -1.688607
v -1.459255 0.166557 -1.554188
v -1.459122 0.112475 -1.427893
v -1.459031 0.034794 -1.314575
v -1.458986 -0.063502 -1.218589
v -1.458987 -0.178635 -1.143624
v -1.459036 -0.306181 -1.092562
v -1.459130 -0.441238 -1.067363
v -1.459265 -0.578616 -1.068997
v -1.459437 -0.713035 -1.097399
v -1.459638 -0.839331 -1.151481
v -1.459861 -0.952648 -1.229162
v -1.460098 -1.048634 -1.327458
v -1.460340 -1.123598 -1.442591
v -1.460576 -1.174661 -1.570137
v -1.460798 -1.199860 -1.705194
v -1.460998 -1.198226 -1.842571
v -1.461167 -1.169823 -1.976991
v -1.461300 -1.115741 -2.103286
v -1.461391 -1.038059 -2.216604
v -1.461437 -0.939764 -2.312590
v -1.461435 -0.824630 -2.387554
v -1.461386 -0.697085 -2.438617
v -1.092303 -0.439796 -2.328901
v -1.092413 -0.550782 -2.330220
v -1.092165 -0.331200 -2.305954
v -1.092002 -0.229167 -2.262262
v -1.091821 -0.137618 -2.199504
v -1.091630 -0.060073 -2.120092
v -1.091435 0.000491 -2.027077
v -1.091244 0.041744 -1.924034
v -1.091065 0.062101 -1.814923
v -1.090903 0.060782 -1.703936
v -1.090766 0.037835 -1.595340
v -1.090659 -0.005857 -1.493308
v -1.090586 -0.068615 -1.401759
v -1.090549 -0.148028 -1.324213
v -1.090550 -0.241043 -1.263650
v -1.090589 -0.344086 -1.222397
v -1.090665 -0.453197 -1.202039
v -1.090775 -0.564183 -1.203359
v -1.090913 -0.672780 -1.226305
v -1.091076 -0.774812 -1.269997
v -1.091256 -0.866361 -1.332755
v -1.091448 -0.943906 -1.412167
v -1.091643 -1.004470 -1.505182
v -1.091834 -1.045723 -1.608225
v -1.092013 -1.066081 -1.717336
v -1.092175 -1.064761 -1.828323
v -1.092311 -1.041814 -1.936919
v -1.092419 -0.998122 -2.038952
v -1.092492 -0.935364 -2.130500
v -1.092529 -0.855951 -2.208046
v -1.092528 -0.762936 -2.268609
v -1.092488 -0.659893 -2.309863
v -1.299082 -0.439596 -2.328598
v -1.299192 -0.550582 -2.329917
v -1.298944 -0.330999 -2.305651
v -1.298781 -0.228967 -2.261959
v -1.298600 -0.137418 -2.199201
v -1.298409 -0.059873 -2.119789
v -1.298214 0.000691 -2.026774
v -1.298023 0.041944 -1.923731
v -1.297844 0.062302 -1.814620
v -1.297683 0.060982 -1.703634
v -1.297545 0.038035 -1.595037
v -1.297438 -0.005657 -1.493004
v -1.297365 -0.068415 -1.401456
v -1.297328 -0.147828 -1.323910
v -1.297329 -0.240843 -1.263347
v -1.297368 -0.343886 -1.222094
v -1.297444 -0.452997 -1.201736
v -1.297553 -0.563983 -1.203056
v -1.297692 -0.672580 -1.226002
v -1.297855 -0.774612 -1.269694
v -1.298035 -0.866161 -1.332452
v -1.298227 -0.943706 -1.411864
v -1.298422 -1.004269 -1.504879
v -1.298612 -1.045523 -1.607923
v -1.298792 -1.065881 -1.717033
v -1.298953 -1.064560 -1.828020
v -1.299090 -1.041614 -1.936616
v -1.299198 -0.997922 -2.038649
v -1.299271 -0.935164 -2.130197
v -1.299308 -0.855751 -2.207743
v -1.299307 -0.762736 -2.268306
v -1.299267 -0.659693 -2.309560
v -1.299082 -0.439596 -2.328598
v -1.299192 -0.550582 -2.329917
v -1.298944 -0.330999 -2.305651
v -1.298781 -0.228967 -2.261959
v -1.298600 -0.137418 -2.199201
v -1.298409 -0.059873 -2.119789
v -1.298214 0.000691 -2.026774
v -1.298023 0.041944 -1.923731
v -1.297844 0.062302 -1.814620
v -1.297683 0.060982 -1.703634
v -1.297545 0.038035 -1.595037
v -1.297438 -0.005657 -1.493004
v -1.297365 -0.068415 -1.401456
v -1.297328 -0.147828 -1.323910
v -1.297329 -0.240843 -1.263347
v -1.297368 -0.343886 -1.222094
v -1.297444 -0.452997 -1.201736
v -1.297553 -0.563983 -1.203056
v -1.297692 -0.672580 -1.226002
v -1.297855 -0.774612 -1.269694
v -1.298035 -0.866161 -1.332452
v -1.298227 -0.943706 -1.411864
v -1.298422 -1.004269 -1.504879
v -1.298612 -1.045523 -1.607923
v -1.298792 -1.065881 -1.717033
v -1.298953 -1.064560 -1.828020
v -1.299090 -1.041614 -1.936616
v -1.299198 -0.997922 -2.038649
v -1.299271 -0.935164 -2.130197
v -1.299308 -0.855751 -2.207743
v -1.299307 -0.762736 -2.268306
v -1.299267 -0.659693 -2.309560
v -1.299082 -0.439596 -2.328598
v -1.299192 -0.550582 -2.329917
v -1.298944 -0.330999 -2.305651
v -1.298781 -0.228967 -2.261959
v -1.298600 -0.137418 -2.199201
v -1.298409 -0.059873 -2.119789
v -1.298214 0.000691 -2.026774
v -1.298023 0.041944 -1.923731
v -1.297844 0.062302 -1.814620
v -1.297683 0.060982 -1.703634
v -1.297545 0.038035 -1.595037
v -1.297438 -0.005657 -1.493004
v -1.297365 -0.068415 -1.401456
v -1.297328 -0.147828 -1.323910
v -1.297329 -0.240843 -1.263347
v -1.297368 -0.343886 -1.222094
v -1.297444 -0.452997 -1.201736
v -1.297553 -0.563983 -1.203056
v -1.297692 -0.672580 -1.226002
v -1.297855 -0.774612 -1.269694
v -1.298035 -0.866161 -1.332452
v -1.298227 -0.943706 -1.411864
v -1.298422 -1.004269 -1.504879
v -1.298612 -1.045523 -1.607923
v -1.298792 -1.065881 -1.717033
v -1.298953 -1.064560 -1.828020
v -1.299090 -1.041614 -1.936616
v -1.299198 -0.997922 -2.038649
v -1.299271 -0.935164 -2.130197
v -1.299308 -0.855751 -2.207743
v -1.299307 -0.762736 -2.268306
v -1.299267 -0.659693 -2.309560
v -1.299082 -0.439596 -2.328598
v -1.299192 -0.550582 -2.329917
v -1.298944 -0.330999 -2.305651
v -1.298781 -0.228967 -2.261959
v -1.298600 -0.137418 -2.199201
v -1.298409 -0.059873 -2.119789
v -1.298214 0.000691 -2.026774
v -1.298023 0.041944 -1.923731
v -1.297844 0.062302 -1.814620
v -1.297683 0.060982 -1.703634
v -1.297545 0.038035 -1.595037
v -1.297438 -0.005657 -1.493004
v -1.297365 -0.068415 -1.401456
v -1.297328 -0.147828 -1.323910
v -1.297329 -0.240843 -1.263347
v -1.297368 -0.343886 -1.222094
v -1.297444 -0.452997 -1.201736
v -1.297553 -0.563983 -1.203056
v -1.297692 -0.672580 -1.226002
v -1.297855 -0.774612 -1.269694
v -1.298035 -0.866161 -1.332452
v -1.298227 -0.943706 -1.411864
v -1.298422 -1.004269 -1.504879
v -1.298612 -1.045523 -1.607923
v -1.298792 -1.065881 -1.717033
v -1.298953 -1.064560 -1.828020
v -1.299090 -1.041614 -1.936616
v -1.299198 -0.997922 -2.038649
v -1.299271 -0.935164 -2.130197
v -1.299308 -0.855751 -2.207743
v -1.299307 -0.762736 -2.268306
v -1.299267 -0.659693 -2.309560
v -1.290899 -0.515414 -1.677307
v -1.291316 -0.548528 -1.690235
v -1.291685 -0.574175 -1.714851
v -1.291948 -0.588448 -1.747410
v -1.292067 -0.589177 -1.782952
v -1.292023 -0.576249 -1.816069
v -1.291823 -0.551633 -1.841718
v -1.291497 -0.519076 -1.855993
v -1.291095 -0.483536 -1.856723
v -1.290678 -0.450421 -1.843795
v -1.290310 -0.424775 -1.819179
v -1.290046 -0.410502 -1.786620
v -1.289927 -0.409773 -1.751078
v -1.289971 -0.422701 -1.717962
v -1.290172 -0.447317 -1.692313
v -1.290498 -0.479874 -1.678037
v -1.381604 -0.478837 -1.677754
v 0.331582 -0.498325 -1.683083
v -1.381278 -0.446281 -1.692029
v 0.331908 -0.465768 -1.697359
v -1.381078 -0.421665 -1.717678
v 0.332108 -0.441152 -1.723007
v -1.381034 -0.408737 -1.750794
v 0.332152 -0.428225 -1.756124
v -1.381153 -0.409465 -1.786337
v 0.332033 -0.428953 -1.791667
v -1.381416 -0.423739 -1.818895
v 0.331769 -0.443227 -1.824225
v -1.381785 -0.449385 -1.843512
v 0.331401 -0.468873 -1.848841
v -1.382201 -0.482499 -1.856439
v 0.330984 -0.501987 -1.861769
v -1.382603 -0.518040 -1.855710
v 0.330582 -0.537527 -1.861039
v -1.382929 -0.550596 -1.841434
v 0.330256 -0.570084 -1.846764
v -1.383129 -0.575212 -1.815785
v 0.330056 -0.594700 -1.821115
v -1.383173 -0.588140 -1.782669
v 0.330012 -0.607628 -1.787998
v -1.383054 -0.587412 -1.747126
v 0.330131 -0.606900 -1.752456
v -1.382791 -0.573138 -1.714568
v 0.330395 -0.592626 -1.719898
v -1.382423 -0.547492 -1.689951
v 0.330763 -0.566980 -1.695281
v -1.382006 -0.514378 -1.677024
v 0.331180 -0.533866 -1.682353
v -0.836315 -0.653739 2.046529
v -0.836206 -0.542753 2.047848
v -0.836067 -0.434157 2.070795
v -0.835904 -0.332124 2.114487
v -0.835724 -0.240575 2.177245
v -0.835533 -0.163030 2.256657
v -0.835338 -0.102466 2.349672
v -0.835147 -0.061213 2.452715
v -0.834967 -0.040856 2.561826
v -0.834806 -0.042175 2.672812
v -0.834669 -0.065122 2.781409
v -0.834562 -0.108814 2.883441
v -0.834488 -0.171572 2.974990
v -0.834451 -0.250985 3.052536
v -0.834453 -0.344000 3.113099
v -0.834492 -0.447043 3.154352
v -0.834568 -0.556154 3.174710
v -0.834677 -0.667140 3.173390
v -0.834816 -0.775737 3.150443
v -0.834978 -0.877769 3.106752
v -0.835159 -0.969318 3.043994
v -0.835350 -1.046864 2.964581
v -0.835545 -1.107427 2.871567
v -0.835736 -1.148680 2.768523
v -0.835916 -1.169038 2.659412
v -0.836077 -1.167717 2.548426
v -0.836214 -1.144771 2.439830
v -0.836321 -1.101079 2.337797
v -0.836395 -1.038321 2.246249
v -0.836431 -0.958908 2.168703
v -0.836430 -0.865893 2.108140
v -0.836391 -0.762850 2.066886
v -1.321798 -0.542283 2.048559
v -1.321908 -0.653269 2.047240
v -1.321660 -0.433687 2.071507
v -1.321497 -0.331654 2.115198
v -1.321316 -0.240106 2.177956
v -1.321125 -0.162560 2.257369
v -1.320930 -0.101997 2.350384
v -1.320740 -0.060744 2.453426
v -1.320560 -0.040386 2.562538
v -1.320399 -0.041706 2.673524
v -1.320261 -0.064653 2.782120
v -1.320154 -0.108345 2.884153
v -1.320081 -0.171103 2.975701
v -1.320044 -0.250515 3.053247
v -1.320045 -0.343530 3.113810
v -1.320085 -0.446573 3.155063
v -1.320160 -0.555684 3.175421
v -1.320270 -0.666671 3.174102
v -1.320408 -0.775267 3.151155
v -1.320571 -0.877300 3.107463
v -1.320751 -0.968848 3.044705
v -1.320943 -1.046394 2.965293
v -1.321138 -1.106957 2.872278
v -1.321329 -1.148210 2.769235
v -1.321508 -1.168568 2.660124
v -1.321670 -1.167248 2.549138
v -1.321806 -1.144301 2.440541
v -1.321914 -1.100609 2.338509
v -1.321987 -1.037851 2.246960
v -1.322024 -0.958439 2.169414
v -1.322023 -0.865423 2.108851
v -1.321983 -0.762380 2.067597
v -0.836388 -0.527964 1.914026
v -0.836523 -0.665341 1.912393
v -0.836216 -0.393544 1.942430
v -0.836015 -0.267249 1.996511
v -0.835791 -0.153931 2.074192
v -0.835554 -0.057946 2.172488
v -0.835313 0.017019 2.287621
v -0.835077 0.068082 2.415167
v -0.834854 0.093281 2.550223
v -0.834655 0.091647 2.687601
v -0.834485 0.063243 2.822021
v -0.834352 0.009162 2.948316
v -0.834262 -0.068520 3.061634
v -0.834216 -0.166816 3.157619
v -0.834218 -0.281949 3.232584
v -0.834266 -0.409495 3.283647
v -0.834360 -0.544552 3.308846
v -0.834495 -0.681929 3.307212
v -0.834667 -0.816349 3.278809
v -0.834868 -0.942644 3.224728
v -0.835092 -1.055962 3.147046
v -0.835329 -1.151948 3.048750
v -0.835570 -1.226912 2.933617
v -0.835806 -1.277975 2.806072
v -0.836028 -1.303174 2.671015
v -0.836228 -1.301540 2.533637
v -0.836398 -1.273136 2.399218
v -0.836530 -1.219055 2.272923
v -0.836621 -1.141373 2.159605
v -0.836667 -1.043077 2.063619
v -0.836665 -0.927944 1.988654
v -0.836617 -0.800398 1.937591
v -1.321980 -0.527494 1.914737
v -1.322116 -0.664872 1.913104
v -1.321809 -0.393074 1.943141
v -1.321607 -0.266779 1.997222
v -1.321384 -0.153461 2.074903
v -1.321147 -0.057476 2.173199
v -1.320906 0.017489 2.288332
v -1.320670 0.068552 2.415878
v -1.320447 0.093750 2.550935
v -1.320248 0.092116 2.688313
v -1.320078 0.063713 2.822732
v -1.319945 0.009631 2.949028
v -1.319854 -0.068050 3.062346
v -1.319809 -0.166346 3.158331
v -1.319810 -0.281479 3.233296
v -1.319859 -0.409025 3.284359
v -1.319952 -0.544082 3.309557
v -1.320088 -0.681460 3.307924
v -1.320259 -0.815879 3.279521
v -1.320461 -0.942175 3.225439
v -1.320684 -1.055492 3.147758
v -1.320921 -1.151478 3.049462
v -1.321162 -1.226442 2.934329
v -1.321399 -1.277505 2.806783
v -1.321621 -1.302704 2.671726
v -1.321821 -1.301070 2.534349
v -1.321990 -1.272666 2.399930
v -1.322123 -1.218585 2.273634
v -1.322214 -1.140903 2.160316
v -1.322259 -1.042608 2.064330
v -1.322258 -0.927474 1.989366
v -1.322209 -0.799928 1.938303
v -0.953126 -0.542640 2.048019
v -0.953236 -0.653626 2.046700
v -0.952988 -0.434043 2.070966
v -0.952825 -0.332011 2.114658
v -0.952644 -0.240462 2.177416
v -0.952453 -0.162916 2.256829
v -0.952258 -0.102353 2.349844
v -0.952067 -0.061100 2.452886
v -0.951888 -0.040742 2.561997
v -0.951726 -0.042062 2.672984
v -0.951589 -0.065009 2.781580
v -0.951482 -0.108701 2.883613
v -0.951409 -0.171459 2.975161
v -0.951372 -0.250872 3.052707
v -0.951373 -0.343887 3.113270
v -0.951412 -0.446930 3.154523
v -0.951488 -0.556041 3.174881
v -0.951597 -0.667027 3.173561
v -0.951736 -0.775624 3.150615
v -0.951899 -0.877656 3.106923
v -0.952079 -0.969205 3.044165
v -0.952271 -1.046750 2.964753
v -0.952466 -1.107314 2.871738
v -0.952657 -1.148566 2.768695
v -0.952836 -1.168925 2.659584
v -0.952997 -1.167604 2.548598
v -0.953134 -1.144658 2.440001
v -0.953242 -1.100966 2.337969
v -0.953315 -1.038208 2.246420
v -0.953352 -0.958795 2.168874
v -0.953351 -0.865780 2.108311
v -0.953311 -0.762737 2.067057
v -1.159905 -0.542440 2.048322
v -1.160015 -0.653426 2.047003
v -1.159767 -0.433843 2.071269
v -1.159604 -0.331811 2.114961
v -1.159423 -0.240262 2.177719
v -1.159232 -0.162716 2.257131
v -1.159037 -0.102153 2.350146
v -1.158846 -0.060900 2.453189
v -1.158667 -0.040542 2.562300
v -1.158505 -0.041862 2.673287
v -1.158368 -0.064809 2.781883
v -1.158261 -0.108501 2.883916
v -1.158188 -0.171259 2.975464
v -1.158151 -0.250672 3.053010
v -1.158152 -0.343687 3.113573
v -1.158191 -0.446730 3.154826
v -1.158267 -0.555841 3.175184
v -1.158376 -0.666827 3.173864
v -1.158515 -0.775424 3.150918
v -1.158678 -0.877456 3.107226
v -1.158858 -0.969005 3.044468
v -1.159050 -1.046550 2.965056
v -1.159245 -1.107113 2.872041
v -1.159435 -1.148367 2.768998
v -1.159615 -1.168725 2.659887
v -1.159776 -1.167404 2.548900
v -1.159913 -1.144458 2.440304
v -1.160020 -1.100766 2.338271
v -1.160094 -1.038007 2.246723
v -1.160131 -0.958595 2.169177
v -1.160130 -0.865580 2.108614
v -1.160090 -0.762537 2.067360
v -1.159905 -0.542440 2.048322
v -1.160015 -0.653426 2.047003
v -1.159767 -0.433843 2.071269
v -1.159604 -0.331811 2.114961
v -1.159423 -0.240262 2.177719
v -1.159232 -0.162716 2.257131
v -1.159037 -0.102153 2.350146
v -1.158846 -0.060900 2.453189
v -1.158667 -0.040542 2.562300
v -1.158505 -0.041862 2.673287
v -1.158368 -0.064809 2.781883
v -1.158261 -0.108501 2.883916
v -1.158188 -0.171259 2.975464
v -1.158151 -0.250672 3.053010
v -1.158152 -0.343687 3.113573
v -1.158191 -0.446730 3.154826
v -1.158267 -0.555841 3.175184
v -1.158376 -0.666827 3.173864
v -1.158515 -0.775424 3.150918
v -1.158678 -0.877456 3.107226
v -1.158858 -0.969005 3.044468
v -1.159050 -1.046550 2.965056
v -1.159245 -1.107113 2.872041
v -1.159435 -1.148367 2.768998
v -1.159615 -1.168725 2.659887
v -1.159776 -1.167404 2.548900
v -1.159913 -1.144458 2.440304
v -1.160020 -1.100766 2.338271
v -1.160094 -1.038007 2.246723
v -1.160131 -0.958595 2.169177
v -1.160130 -0.865580 2.108614
v -1.160090 -0.762537 2.067360
v -1.159905 -0.542440 2.048322
v -1.160015 -0.653426 2.047003
v -1.159767 -0.433843 2.071269
v -1.159604 -0.331811 2.114961
v -1.159423 -0.240262 2.177719
v -1.159232 -0.162716 2.257131
v -1.159037 -0.102153 2.350146
v -1.158846 -0.060900 2.453189
v -1.158667 -0.040542 2.562300
v -1.158505 -0.041862 2.673287
v -1.158368 -0.064809 2.781883
v -1.158261 -0.108501 2.883916
v -1.158188 -0.171259 2.975464
v -1.158151 -0.250672 3.053010
v -1.158152 -0.343687 3.113573
v -1.158191 -0.446730 3.154826
v -1.158267 -0.555841 3.175184
v -1.158376 -0.666827 3.173864
v -1.158515 -0.775424 3.150918
v -1.158678 -0.877456 3.107226
v -1.158858 -0.969005 3.044468
v -1.159050 -1.046550 2.965056
v -1.159245 -1.107113 2.872041
v -1.159435 -1.148367 2.768998
v -1.159615 -1.168725 2.659887
v -1.159776 -1.167404 2.548900
v -1.159913 -1.144458 2.440304
v -1.160020 -1.100766 2.338271
v -1.160094 -1.038007 2.246723
v -1.160131 -0.958595 2.169177
v -1.160130 -0.865580 2.108614
v -1.160090 -0.762537 2.067360
v -1.159905 -0.542440 2.048322
v -1.160015 -0.653426 2.047003
v -1.159767 -0.433843 2.071269
v -1.159604 -0.331811 2.114961
v -1.159423 -0.240262 2.177719
v -1.159232 -0.162716 2.257131
v -1.159037 -0.102153 2.350146
v -1.158846 -0.060900 2.453189
v -1.158667 -0.040542 2.562300
v -1.158505 -0.041862 2.673287
v -1.158368 -0.064809 2.781883
v -1.158261 -0.108501 2.883916
v -1.158188 -0.171259 2.975464
v -1.158151 -0.250672 3.053010
v -1.158152 -0.343687 3.113573
v -1.158191 -0.446730 3.154826
v -1.158267 -0.555841 3.175184
v -1.158376 -0.666827 3.173864
v -1.158515 -0.775424 3.150918
v -1.158678 -0.877456 3.107226
v -1.158858 -0.969005 3.044468
v -1.159050 -1.046550 2.965056
v -1.159245 -1.107113 2.872041
v -1.159435 -1.148367 2.768998
v -1.159615 -1.168725 2.659887
v -1.159776 -1.167404 2.548900
v -1.159913 -1.144458 2.440304
v -1.160020 -1.100766 2.338271
v -1.160094 -1.038007 2.246723
v -1.160131 -0.958595 2.169177
v -1.160130 -0.865580 2.108614
v -1.160090 -0.762537 2.067360
v -1.151722 -0.618258 2.699613
v -1.152139 -0.651372 2.686685
v -1.152508 -0.677018 2.662068
v -1.152771 -0.691292 2.629510
v -1.152890 -0.692021 2.593967
v -1.152846 -0.679093 2.560851
v -1.152646 -0.654477 2.535203
v -1.152320 -0.621920 2.520927
v -1.151918 -0.586379 2.520197
v -1.151501 -0.553265 2.533125
v -1.151133 -0.527619 2.557741
v -1.150869 -0.513345 2.590299
v -1.150750 -0.512617 2.625842
v -1.150794 -0.525545 2.658959
v -1.150994 -0.550161 2.684607
v -1.151320 -0.582718 2.698883
v -1.242427 -0.581681 2.699166
v 0.470759 -0.601169 2.693836
v -1.242101 -0.549125 2.684891
v 0.471085 -0.568612 2.679561
v -1.241901 -0.524509 2.659242
v 0.471285 -0.543996 2.653913
v -1.241857 -0.511581 2.626125
v 0.471329 -0.531068 2.620796
v -1.241976 -0.512309 2.590583
v 0.471210 -0.531797 2.585253
v -1.242239 -0.526583 2.558025
v 0.470946 -0.546071 2.552695
v -1.242607 -0.552229 2.533408
v 0.470578 -0.571717 2.528079
v -1.243024 -0.585343 2.520481
v 0.470161 -0.604831 2.515151
v -1.243426 -0.620884 2.521210
v 0.469759 -0.640371 2.515881
v -1.243752 -0.653440 2.535486
v 0.469433 -0.672928 2.530157
v -1.243952 -0.678056 2.561135
v 0.469233 -0.697544 2.555805
v -1.243996 -0.690984 2.594251
v 0.469189 -0.710472 2.588921
v -1.243878 -0.690256 2.629794
v 0.469308 -0.709743 2.624465
v -1.243614 -0.675982 2.662352
v 0.469572 -0.695470 2.657022
v -1.243245 -0.650336 2.686969
v 0.469940 -0.669823 2.681639
v -1.242829 -0.617222 2.699896
v 0.470357 -0.636709 2.694566
vn -0.0000 1.0000 -0.0000
vn 0.0009 -0.9992 0.0400
vn 0.9711 0.2386 0.0012
vn 0.9905 -0.0110 -0.1369
vn -0.0012 -0.2078 0.9782
vn -0.0014 0.9338 0.3577
vn -0.0010 0.9997 0.0239
vn 0.9623 0.0928 0.2556
vn 0.0010 -1.0000 -0.0084
vn -1.0000 -0.0010 -0.0015
vn 0.0015 -0.0862 -0.9963
vn -1.0000 -0.0001 -0.0018
vn 0.0012 -0.9857 -0.1686
vn -0.0005 0.9570 -0.2901
vn -1.0000 -0.0004 -0.0016
vn 0.9654 -0.0211 0.2600
vn 0.9830 0.1390 -0.1201
vn 1.0000 0.0010 0.0015
vn 0.9642 0.0131 0.2649
vn 0.0011 -0.9974 -0.0716
vn 0.9250 0.2376 0.2966
vn -0.0010 -0.3577 0.9338
vn 0.0010 0.3577 -0.9338
vn -0.9820 0.0663 -0.1771
vn 0.0018 -0.5456 -0.8380
vn 0.0010 0.3936 -0.9193
vn -0.0003 -0.7155 0.6986
vn -0.0007 0.9830 -0.1834
vn -0.0000 -0.8380 0.5456
vn -0.0010 0.9999 0.0119
vn 0.0004 -0.9284 0.3717
vn -0.0012 0.9784 0.2067
vn 0.0007 -0.9830 0.1834
vn -0.0015 0.9193 0.3936
vn 0.0010 -0.9999 -0.0119
vn -0.0016 0.8248 0.5654
vn 0.0012 -0.9784 -0.2067
vn -0.0017 0.6986 0.7155
vn 0.0015 -0.9193 -0.3936
vn -0.0018 0.5456 0.8380
vn 0.0015 0.0119 -0.9999
vn 0.0016 -0.8248 -0.5654
vn -0.0017 0.3717 0.9284
vn 0.0012 0.2067 -0.9784
vn 0.0017 -0.6986 -0.7155
vn -0.0016 0.1834 0.9830
vn -0.0015 -0.0119 0.9999
vn 0.0007 0.5654 -0.8248
vn 0.0017 -0.3717 -0.9284
vn -0.0012 -0.2067 0.9784
vn 0.0003 0.7155 -0.6986
vn 0.0016 -0.1834 -0.9830
vn -0.0010 -0.3936 0.9193
vn -0.0000 0.8380 -0.5456
vn -0.0007 -0.5654 0.8248
vn -0.0004 0.9284 -0.3717
vn -0.0013 0.9784 0.2067
vn 0.0074 -0.4015 -0.9158
vn 0.0104 -0.7214 -0.6924
vn 0.0117 -0.9315 -0.3636
vn 0.0113 -0.9997 0.0205
vn 0.0092 -0.9158 0.4016
vn 0.0056 -0.6924 0.7215
vn 0.0012 -0.3637 0.9315
vn -0.0033 0.0205 0.9998
vn -0.0074 0.4015 0.9158
vn -0.0104 0.7214 0.6924
vn -0.0117 0.9315 0.3636
vn -0.0113 0.9997 -0.0205
vn -0.0092 0.9158 -0.4016
vn -0.0056 0.6924 -0.7215
vn -0.0012 0.3637 -0.9315
vn 0.0033 -0.0205 -0.9998
vn 0.9999 0.0114 0.0031
vn -0.9999 -0.0114 -0.0031
vn -0.9864 0.1646 -0.0012
vn -0.0016 -0.1002 0.9950
vn -0.0023 0.0594 0.9982
vn -0.9863 0.1145 -0.1189
vn -0.0049 0.7512 0.6600
vn -0.0046 0.6366 0.7711
vn -0.0049 0.9958 0.0913
vn 0.0046 -0.9977 0.0677
vn -0.9865 -0.0028 -0.1640
vn -0.0023 0.7686 -0.6397
vn -0.0016 0.6581 -0.7530
vn -0.9868 -0.1150 -0.1144
vn 0.0016 0.0945 -0.9955
vn 0.0024 -0.0632 -0.9980
vn -0.9870 -0.1605 -0.0025
vn 0.0046 -0.6332 -0.7739
vn 0.0049 -0.7470 -0.6648
vn -0.9871 -0.1163 0.1101
vn 0.0049 -0.9946 -0.1032
vn -0.0046 0.9985 -0.0550
vn 0.9869 0.0041 -0.1610
vn 0.0034 -0.9015 0.4327
vn -0.0027 0.8207 -0.5713
vn 0.9867 -0.0949 -0.1318
vn -0.0017 0.6987 0.7155
vn -0.0009 -0.9992 0.0400
vn -0.9711 0.2386 0.0012
vn -0.9905 -0.0110 -0.1369
vn 0.0012 -0.2078 0.9782
vn 0.0014 0.9338 0.3577
vn 0.0010 0.9997 0.0239
vn -0.9623 0.0928 0.2556
vn -0.0010 -1.0000 -0.0084
vn 1.0000 -0.0010 -0.0015
vn -0.0015 -0.0862 -0.9963
vn 1.0000 -0.0001 -0.0018
vn -0.0012 -0.9857 -0.1686
vn 0.0005 0.9570 -0.2901
vn 1.0000 -0.0004 -0.0016
vn -0.9654 -0.0211 0.2600
vn -0.9830 0.1390 -0.1201
vn -1.0000 0.0010 0.0015
vn -0.9642 0.0131 0.2649
vn -0.0011 -0.9974 -0.0716
vn -0.9250 0.2376 0.2966
vn 0.0010 -0.3577 0.9338
vn -0.0010 0.3577 -0.9338
vn 0.9820 0.0663 -0.1771
vn -0.0018 -0.5456 -0.8380
vn -0.0010 0.3936 -0.9193
vn 0.0003 -0.7155 0.6986
vn 0.0007 0.9830 -0.1834
vn 0.0010 0.9999 0.0119
vn -0.0004 -0.9284 0.3717
vn 0.0012 0.9784 0.2067
vn -0.0007 -0.9830 0.1834
vn 0.0015 0.9193 0.3936
vn -0.0010 -0.9999 -0.0119
vn 0.0016 0.8248 0.5654
vn -0.0012 -0.9784 -0.2067
vn 0.0017 0.6986 0.7155
vn -0.0015 -0.9193 -0.3936
vn 0.0018 0.5456 0.8380
vn -0.0015 0.0119 -0.9999
vn -0.0016 -0.8248 -0.5654
vn 0.0017 0.3717 0.9284
vn -0.0012 0.2067 -0.9784
vn -0.0017 -0.6987 -0.7155
vn 0.0016 0.1834 0.9830
vn 0.0015 -0.0119 0.9999
vn -0.0007 0.5654 -0.8248
vn -0.0017 -0.3717 -0.9284
vn 0.0012 -0.2067 0.9784
vn -0.0003 0.7155 -0.6986
vn -0.0016 -0.1834 -0.9830
vn 0.0010 -0.3936 0.9193
vn 0.0007 -0.5654 0.8248
vn 0.0004 0.9284 -0.3717
vn 0.0013 0.9784 0.2067
vn -0.0017 -0.6986 -0.7155
vn -0.0074 -0.4015 -0.9158
vn -0.0104 -0.7214 -0.6924
vn -0.0117 -0.9315 -0.3636
vn -0.0113 -0.9997 0.0205
vn -0.0092 -0.9158 0.4016
vn -0.0056 -0.6924 0.7215
vn -0.0012 -0.3637 0.9315
vn 0.0033 0.0205 0.9998
vn 0.0074 0.4015 0.9158
vn 0.0104 0.7214 0.6924
vn 0.0117 0.9315 0.3636
vn 0.0113 0.9997 -0.0205
vn 0.0092 0.9158 -0.4016
vn 0.0056 0.6924 -0.7215
vn 0.0012 0.3637 -0.9315
vn -0.0033 -0.0205 -0.9998
vn -0.9999 0.0114 0.0031
vn 0.9999 -0.0114 -0.0031
vn 0.9864 0.1646 -0.0012
vn 0.0016 -0.1002 0.9950
vn 0.0023 0.0594 0.9982
vn 0.9863 0.1145 -0.1189
vn 0.0049 0.7512 0.6600
vn 0.0046 0.6366 0.7711
vn 0.0049 0.9958 0.0913
vn -0.0046 -0.9977 0.0677
vn 0.9865 -0.0028 -0.1640
vn 0.0023 0.7686 -0.6397
vn 0.0016 0.6581 -0.7530
vn 0.9868 -0.1150 -0.1144
vn -0.0016 0.0945 -0.9955
vn -0.0024 -0.0632 -0.9980
vn 0.9870 -0.1605 -0.0025
vn -0.0046 -0.6332 -0.7739
vn -0.0049 -0.7470 -0.6648
vn 0.9871 -0.1163 0.1101
vn -0.0049 -0.9946 -0.1032
vn 0.0046 0.9985 -0.0550
vn -0.9869 0.0041 -0.1610
vn -0.0034 -0.9015 0.4327
vn 0.0027 0.8207 -0.5713
vn -0.9867 -0.0949 -0.1318
vt 0.000000 0.000000
vt 0.625000 0.750000
vt 0.750000 0.750000
vt 0.250000 0.750000
vt 0.375000 0.750000
vt 0.250000 0.500000
vt 0.375000 0.500000
vt 0.564742 0.500000
vt 0.625000 0.500000
vt 0.564742 0.750000
vt 0.564742 0.500000
vt 0.564742 0.750000
vt 0.625000 0.875000
vt 0.564742 0.875000
vt 0.750000 0.500000
vt 0.564742 0.375000
vt 0.625000 0.375000
vt 0.375000 0.375000
vt 0.375000 0.875000
vt 0.638731 0.750000
vt 0.736361 0.750000
vt 0.733150 0.750000
vt 0.641951 0.750000
vt 1.000000 0.500000
vt 1.000000 0.750000
vt 0.937500 0.750000
vt 0.937500 0.500000
vt 0.875000 0.750000
vt 0.875000 0.500000
vt 0.812500 0.750000
vt 0.812500 0.500000
vt 0.687500 0.750000
vt 0.687500 0.500000
vt 0.562500 0.750000
vt 0.562500 0.500000
vt 0.500000 0.750000
vt 0.500000 0.500000
vt 0.437500 0.750000
vt 0.437500 0.500000
vt 0.312500 0.750000
vt 0.312500 0.500000
vt 0.187500 0.750000
vt 0.187500 0.500000
vt 0.125000 0.750000
vt 0.125000 0.500000
vt 0.062500 0.750000
vt 0.062500 0.500000
vt 0.000000 0.750000
vt 0.000000 0.500000
vt 1.000000 1.000000
vt 0.937500 1.000000
vt 0.875000 1.000000
vt 0.812500 1.000000
vt 0.750000 1.000000
vt 0.687500 1.000000
vt 0.625000 1.000000
vt 0.562500 1.000000
vt 0.500000 1.000000
vt 0.437500 1.000000
vt 0.375000 1.000000
vt 0.312500 1.000000
vt 0.250000 1.000000
vt 0.187500 1.000000
vt 0.125000 1.000000
vt 0.341844 0.471731
vt 0.250000 0.490000
vt 0.158156 0.471731
vt 0.080294 0.419706
vt 0.028269 0.341844
vt 0.010000 0.250000
vt 0.028269 0.158156
vt 0.080294 0.080294
vt 0.158156 0.028269
vt 0.250000 0.010000
vt 0.341844 0.028269
vt 0.419706 0.080294
vt 0.471731 0.158156
vt 0.490000 0.250000
vt 0.471731 0.341844
vt 0.419706 0.419706
vt 0.062500 1.000000
vt 0.000000 1.000000
vt 0.750000 0.490000
vt 0.841844 0.471731
vt 0.919706 0.419706
vt 0.971731 0.341844
vt 0.990000 0.250000
vt 0.971731 0.158156
vt 0.919706 0.080294
vt 0.841844 0.028269
vt 0.750000 0.010000
vt 0.658156 0.028269
vt 0.580294 0.080294
vt 0.528269 0.158156
vt 0.510000 0.250000
vt 0.528269 0.341844
vt 0.580294 0.419706
vt 0.658156 0.471731
s 0
usemtl Material
f 26/1/1 11/1/1 7/1/1 23/1/1
f 3/2/1 10/3/1 38/3/1 37/2/1
f 11/4/1 4/5/1 6/5/1 7/4/1
f 22/10/1 3/2/1 37/2/1 24/10/1
f 35/1/10 34/1/10 15/1/10 27/1/10
f 25/1/12 12/1/12 19/1/12 30/1/12
f 9/1/15 25/1/15 30/1/15 20/1/15
f 40/1/10 35/1/10 27/1/10 14/1/10
f 4/5/1 22/10/1 24/10/1 6/5/1
f 10/1/1 26/1/1 23/1/1 38/1/1
f 23/1/10 7/1/10 34/1/10 35/1/10
f 90/1/25 91/1/25 219/1/25 218/1/25
f 64/1/26 63/1/26 191/1/26 192/1/26
f 52/1/10 53/1/10 117/1/10 116/1/10
f 53/1/10 54/1/10 118/1/10 117/1/10
f 54/1/10 55/1/10 119/1/10 118/1/10
f 55/1/10 56/1/10 120/1/10 119/1/10
f 56/1/10 57/1/10 121/1/10 120/1/10
f 57/1/10 58/1/10 122/1/10 121/1/10
f 213/1/1 214/1/1 246/1/1 245/1/1
f 65/1/48 64/1/48 192/1/48 193/1/48
f 66/1/51 65/1/51 193/1/51 194/1/51
f 67/1/54 66/1/54 194/1/54 195/1/54
f 93/1/41 94/1/41 222/1/41 221/1/41
f 68/1/56 67/1/56 195/1/56 196/1/56
f 69/1/28 68/1/28 196/1/28 197/1/28
f 70/1/30 69/1/30 197/1/30 198/1/30
f 71/1/57 70/1/57 198/1/57 199/1/57
f 97/1/51 98/1/51 226/1/51 225/1/51
f 72/1/34 71/1/34 199/1/34 200/1/34
f 46/1/47 45/1/47 174/1/47 173/1/47
f 73/1/36 72/1/36 200/1/36 201/1/36
f 47/1/50 46/1/50 173/1/50 175/1/50
f 74/1/38 73/1/38 201/1/38 202/1/38
f 48/1/53 47/1/53 175/1/53 176/1/53
f 75/1/40 74/1/40 202/1/40 203/1/40
f 49/1/55 48/1/55 176/1/55 177/1/55
f 101/1/30 102/1/30 230/1/30 229/1/30
f 76/1/43 75/1/43 203/1/43 204/1/43
f 50/1/27 49/1/27 177/1/27 178/1/27
f 45/1/46 76/1/46 204/1/46 174/1/46
f 51/1/29 50/1/29 178/1/29 179/1/29
f 78/1/47 77/1/47 205/1/47 206/1/47
f 52/1/31 51/1/31 179/1/31 180/1/31
f 53/1/33 52/1/33 180/1/33 181/1/33
f 105/1/38 106/1/38 234/1/38 233/1/38
f 54/1/35 53/1/35 181/1/35 182/1/35
f 55/1/37 54/1/37 182/1/37 183/1/37
f 81/1/27 82/1/27 210/1/27 209/1/27
f 56/1/39 55/1/39 183/1/39 184/1/39
f 57/1/42 56/1/42 184/1/42 185/1/42
f 58/1/45 57/1/45 185/1/45 186/1/45
f 59/1/25 58/1/25 186/1/25 187/1/25
f 85/1/35 86/1/35 214/1/35 213/1/35
f 60/1/49 59/1/49 187/1/49 188/1/49
f 61/1/52 60/1/52 188/1/52 189/1/52
f 62/1/41 61/1/41 189/1/41 190/1/41
f 63/1/44 62/1/44 190/1/44 191/1/44
f 247/1/1 248/1/1 280/1/1 279/1/1
f 227/1/1 228/1/1 260/1/1 259/1/1
f 214/1/1 215/1/1 247/1/1 246/1/1
f 228/1/1 229/1/1 261/1/1 260/1/1
f 215/1/1 216/1/1 248/1/1 247/1/1
f 229/1/1 230/1/1 262/1/1 261/1/1
f 216/1/1 217/1/1 249/1/1 248/1/1
f 230/1/1 231/1/1 263/1/1 262/1/1
f 217/1/1 218/1/1 250/1/1 249/1/1
f 231/1/1 232/1/1 264/1/1 263/1/1
f 218/1/1 219/1/1 251/1/1 250/1/1
f 206/1/1 205/1/1 237/1/1 238/1/1
f 232/1/1 233/1/1 265/1/1 264/1/1
f 219/1/1 220/1/1 252/1/1 251/1/1
f 205/1/1 207/1/1 239/1/1 237/1/1
f 233/1/1 234/1/1 266/1/1 265/1/1
f 220/1/1 221/1/1 253/1/1 252/1/1
f 207/1/1 208/1/1 240/1/1 239/1/1
f 234/1/1 235/1/1 267/1/1 266/1/1
f 221/1/1 222/1/1 254/1/1 253/1/1
f 208/1/1 209/1/1 241/1/1 240/1/1
f 235/1/1 236/1/1 268/1/1 267/1/1
f 222/1/1 223/1/1 255/1/1 254/1/1
f 209/1/1 210/1/1 242/1/1 241/1/1
f 236/1/1 206/1/1 238/1/1 268/1/1
f 223/1/1 224/1/1 256/1/1 255/1/1
f 210/1/1 211/1/1 243/1/1 242/1/1
f 224/1/1 225/1/1 257/1/1 256/1/1
f 211/1/1 212/1/1 244/1/1 243/1/1
f 225/1/1 226/1/1 258/1/1 257/1/1
f 212/1/1 213/1/1 245/1/1 244/1/1
f 226/1/1 227/1/1 259/1/1 258/1/1
f 293/1/1 294/1/1 326/1/1 325/1/1
f 261/1/1 262/1/1 294/1/1 293/1/1
f 248/1/1 249/1/1 281/1/1 280/1/1
f 262/1/1 263/1/1 295/1/1 294/1/1
f 249/1/1 250/1/1 282/1/1 281/1/1
f 263/1/1 264/1/1 296/1/1 295/1/1
f 250/1/1 251/1/1 283/1/1 282/1/1
f 238/1/1 237/1/1 269/1/1 270/1/1
f 264/1/1 265/1/1 297/1/1 296/1/1
f 251/1/1 252/1/1 284/1/1 283/1/1
f 237/1/1 239/1/1 271/1/1 269/1/1
f 265/1/1 266/1/1 298/1/1 297/1/1
f 252/1/1 253/1/1 285/1/1 284/1/1
f 239/1/1 240/1/1 272/1/1 271/1/1
f 266/1/1 267/1/1 299/1/1 298/1/1
f 253/1/1 254/1/1 286/1/1 285/1/1
f 240/1/1 241/1/1 273/1/1 272/1/1
f 267/1/1 268/1/1 300/1/1 299/1/1
f 254/1/1 255/1/1 287/1/1 286/1/1
f 241/1/1 242/1/1 274/1/1 273/1/1
f 268/1/1 238/1/1 270/1/1 300/1/1
f 255/1/1 256/1/1 288/1/1 287/1/1
f 242/1/1 243/1/1 275/1/1 274/1/1
f 256/1/1 257/1/1 289/1/1 288/1/1
f 243/1/1 244/1/1 276/1/1 275/1/1
f 257/1/1 258/1/1 290/1/1 289/1/1
f 244/1/1 245/1/1 277/1/1 276/1/1
f 258/1/1 259/1/1 291/1/1 290/1/1
f 245/1/1 246/1/1 278/1/1 277/1/1
f 259/1/1 260/1/1 292/1/1 291/1/1
f 246/1/1 247/1/1 279/1/1 278/1/1
f 260/1/1 261/1/1 293/1/1 292/1/1
f 280/1/1 281/1/1 313/1/1 312/1/1
f 294/1/1 295/1/1 327/1/1 326/1/1
f 281/1/1 282/1/1 314/1/1 313/1/1
f 295/1/1 296/1/1 328/1/1 327/1/1
f 282/1/1 283/1/1 315/1/1 314/1/1
f 270/1/1 269/1/1 301/1/1 302/1/1
f 296/1/1 297/1/1 329/1/1 328/1/1
f 283/1/1 284/1/1 316/1/1 315/1/1
f 269/1/1 271/1/1 303/1/1 301/1/1
f 297/1/1 298/1/1 330/1/1 329/1/1
f 284/1/1 285/1/1 317/1/1 316/1/1
f 271/1/1 272/1/1 304/1/1 303/1/1
f 298/1/1 299/1/1 331/1/1 330/1/1
f 285/1/1 286/1/1 318/1/1 317/1/1
f 272/1/1 273/1/1 305/1/1 304/1/1
f 299/1/1 300/1/1 332/1/1 331/1/1
f 286/1/1 287/1/1 319/1/1 318/1/1
f 273/1/1 274/1/1 306/1/1 305/1/1
f 300/1/1 270/1/1 302/1/1 332/1/1
f 287/1/1 288/1/1 320/1/1 319/1/1
f 274/1/1 275/1/1 307/1/1 306/1/1
f 288/1/1 289/1/1 321/1/1 320/1/1
f 275/1/1 276/1/1 308/1/1 307/1/1
f 289/1/1 290/1/1 322/1/1 321/1/1
f 276/1/1 277/1/1 309/1/1 308/1/1
f 290/1/1 291/1/1 323/1/1 322/1/1
f 277/1/1 278/1/1 310/1/1 309/1/1
f 291/1/1 292/1/1 324/1/1 323/1/1
f 278/1/1 279/1/1 311/1/1 310/1/1
f 292/1/1 293/1/1 325/1/1 324/1/1
f 279/1/1 280/1/1 312/1/1 311/1/1
f 351/27/59 347/26/59 346/28/59 353/29/59
f 355/31/61 345/30/61 344/3/61 357/15/61
f 359/33/63 343/32/63 342/2/63 361/9/63
f 363/35/65 341/34/65 340/36/65 365/37/65
f 367/39/67 339/38/67 338/5/67 369/7/67
f 371/41/69 337/40/69 336/4/69 373/6/69
f 375/43/71 335/42/71 334/44/71 377/45/71
f 379/47/73 333/46/73 348/48/73 349/49/73
f 352/65/74 350/66/74 380/67/74 378/68/74 376/69/74 374/70/74 372/71/74 370/72/74 368/73/74 366/74/74 364/75/74 362/76/74 360/77/74 358/78/74 356/79/74 354/80/74
f 426/1/25 427/1/25 555/1/25 554/1/25
f 549/1/1 550/1/1 582/1/1 581/1/1
f 429/1/41 430/1/41 558/1/41 557/1/41
f 433/1/51 434/1/51 562/1/51 561/1/51
f 437/1/30 438/1/30 566/1/30 565/1/30
f 414/1/47 413/1/47 541/1/47 542/1/47
f 441/1/38 442/1/38 570/1/38 569/1/38
f 417/1/27 418/1/27 546/1/27 545/1/27
f 421/1/35 422/1/35 550/1/35 549/1/35
f 583/1/1 584/1/1 616/1/1 615/1/1
f 563/1/1 564/1/1 596/1/1 595/1/1
f 550/1/1 551/1/1 583/1/1 582/1/1
f 564/1/1 565/1/1 597/1/1 596/1/1
f 551/1/1 552/1/1 584/1/1 583/1/1
f 565/1/1 566/1/1 598/1/1 597/1/1
f 552/1/1 553/1/1 585/1/1 584/1/1
f 566/1/1 567/1/1 599/1/1 598/1/1
f 553/1/1 554/1/1 586/1/1 585/1/1
f 567/1/1 568/1/1 600/1/1 599/1/1
f 554/1/1 555/1/1 587/1/1 586/1/1
f 542/1/1 541/1/1 573/1/1 574/1/1
f 568/1/1 569/1/1 601/1/1 600/1/1
f 555/1/1 556/1/1 588/1/1 587/1/1
f 541/1/1 543/1/1 575/1/1 573/1/1
f 569/1/1 570/1/1 602/1/1 601/1/1
f 556/1/1 557/1/1 589/1/1 588/1/1
f 543/1/1 544/1/1 576/1/1 575/1/1
f 570/1/1 571/1/1 603/1/1 602/1/1
f 557/1/1 558/1/1 590/1/1 589/1/1
f 544/1/1 545/1/1 577/1/1 576/1/1
f 571/1/1 572/1/1 604/1/1 603/1/1
f 558/1/1 559/1/1 591/1/1 590/1/1
f 545/1/1 546/1/1 578/1/1 577/1/1
f 572/1/1 542/1/1 574/1/1 604/1/1
f 559/1/1 560/1/1 592/1/1 591/1/1
f 546/1/1 547/1/1 579/1/1 578/1/1
f 560/1/1 561/1/1 593/1/1 592/1/1
f 547/1/1 548/1/1 580/1/1 579/1/1
f 561/1/1 562/1/1 594/1/1 593/1/1
f 548/1/1 549/1/1 581/1/1 580/1/1
f 562/1/1 563/1/1 595/1/1 594/1/1
f 629/1/1 630/1/1 662/1/1 661/1/1
f 597/1/1 598/1/1 630/1/1 629/1/1
f 584/1/1 585/1/1 617/1/1 616/1/1
f 598/1/1 599/1/1 631/1/1 630/1/1
f 585/1/1 586/1/1 618/1/1 617/1/1
f 599/1/1 600/1/1 632/1/1 631/1/1
f 586/1/1 587/1/1 619/1/1 618/1/1
f 574/1/1 573/1/1 605/1/1 606/1/1
f 600/1/1 601/1/1 633/1/1 632/1/1
f 587/1/1 588/1/1 620/1/1 619/1/1
f 573/1/1 575/1/1 607/1/1 605/1/1
f 601/1/1 602/1/1 634/1/1 633/1/1
f 588/1/1 589/1/1 621/1/1 620/1/1
f 575/1/1 576/1/1 608/1/1 607/1/1
f 602/1/1 603/1/1 635/1/1 634/1/1
f 589/1/1 590/1/1 622/1/1 621/1/1
f 576/1/1 577/1/1 609/1/1 608/1/1
f 603/1/1 604/1/1 636/1/1 635/1/1
f 590/1/1 591/1/1 623/1/1 622/1/1
f 577/1/1 578/1/1 610/1/1 609/1/1
f 604/1/1 574/1/1 606/1/1 636/1/1
f 591/1/1 592/1/1 624/1/1 623/1/1
f 578/1/1 579/1/1 611/1/1 610/1/1
f 592/1/1 593/1/1 625/1/1 624/1/1
f 579/1/1 580/1/1 612/1/1 611/1/1
f 593/1/1 594/1/1 626/1/1 625/1/1
f 580/1/1 581/1/1 613/1/1 612/1/1
f 594/1/1 595/1/1 627/1/1 626/1/1
f 581/1/1 582/1/1 614/1/1 613/1/1
f 595/1/1 596/1/1 628/1/1 627/1/1
f 582/1/1 583/1/1 615/1/1 614/1/1
f 596/1/1 597/1/1 629/1/1 628/1/1
f 616/1/1 617/1/1 649/1/1 648/1/1
f 630/1/1 631/1/1 663/1/1 662/1/1
f 617/1/1 618/1/1 650/1/1 649/1/1
f 631/1/1 632/1/1 664/1/1 663/1/1
f 618/1/1 619/1/1 651/1/1 650/1/1
f 606/1/1 605/1/1 637/1/1 638/1/1
f 632/1/1 633/1/1 665/1/1 664/1/1
f 619/1/1 620/1/1 652/1/1 651/1/1
f 605/1/1 607/1/1 639/1/1 637/1/1
f 633/1/1 634/1/1 666/1/1 665/1/1
f 620/1/1 621/1/1 653/1/1 652/1/1
f 607/1/1 608/1/1 640/1/1 639/1/1
f 634/1/1 635/1/1 667/1/1 666/1/1
f 621/1/1 622/1/1 654/1/1 653/1/1
f 608/1/1 609/1/1 641/1/1 640/1/1
f 635/1/1 636/1/1 668/1/1 667/1/1
f 622/1/1 623/1/1 655/1/1 654/1/1
f 609/1/1 610/1/1 642/1/1 641/1/1
f 636/1/1 606/1/1 638/1/1 668/1/1
f 623/1/1 624/1/1 656/1/1 655/1/1
f 610/1/1 611/1/1 643/1/1 642/1/1
f 624/1/1 625/1/1 657/1/1 656/1/1
f 611/1/1 612/1/1 644/1/1 643/1/1
f 625/1/1 626/1/1 658/1/1 657/1/1
f 612/1/1 613/1/1 645/1/1 644/1/1
f 626/1/1 627/1/1 659/1/1 658/1/1
f 613/1/1 614/1/1 646/1/1 645/1/1
f 627/1/1 628/1/1 660/1/1 659/1/1
f 614/1/1 615/1/1 647/1/1 646/1/1
f 628/1/1 629/1/1 661/1/1 660/1/1
f 615/1/1 616/1/1 648/1/1 647/1/1
f 687/27/59 683/26/59 682/28/59 689/29/59
f 691/31/61 681/30/61 680/3/61 693/15/61
f 695/33/63 679/32/63 678/2/63 697/9/63
f 699/35/65 677/34/65 676/36/65 701/37/65
f 703/39/67 675/38/67 674/5/67 705/7/67
f 707/41/69 673/40/69 672/4/69 709/6/69
f 711/43/71 671/42/71 670/44/71 713/45/71
f 715/47/73 669/46/73 684/48/73 685/49/73
f 677/34/65 700/57/65 702/58/65 676/36/65
f 676/36/66 702/58/66 704/59/66 675/38/66
f 675/38/67 704/59/67 706/60/67 674/5/67
f 674/5/68 706/60/68 708/61/68 673/40/68
f 673/40/69 708/61/69 710/62/69 672/4/69
f 672/4/70 710/62/70 712/63/70 671/42/70
f 671/42/71 712/63/71 714/64/71 670/44/71
f 688/65/74 686/66/74 716/67/74 714/68/74 712/69/74 710/70/74 708/71/74 706/72/74 704/73/74 702/74/74 700/75/74 698/76/74 696/77/74 694/78/74 692/79/74 690/80/74
f 670/44/72 714/64/72 716/81/72 669/46/72
f 740/1/1 737/1/1 723/1/1 727/1/1
f 719/2/1 750/2/1 751/3/1 726/3/1
f 727/4/1 723/4/1 722/5/1 720/5/1
f 736/10/1 738/10/1 750/2/1 719/2/1
f 748/1/109 741/1/109 731/1/109 747/1/109
f 739/1/111 30/1/111 19/1/111 728/1/111
f 725/1/114 20/1/114 30/1/114 739/1/114
f 753/1/109 730/1/109 741/1/109 748/1/109
f 720/5/1 722/5/1 738/10/1 736/10/1
f 726/1/1 751/1/1 737/1/1 740/1/1
f 737/1/109 748/1/109 747/1/109 723/1/109
f 803/1/124 931/1/124 932/1/124 804/1/124
f 777/1/125 905/1/125 904/1/125 776/1/125
f 765/1/109 829/1/109 830/1/109 766/1/109
f 766/1/109 830/1/109 831/1/109 767/1/109
f 767/1/109 831/1/109 832/1/109 768/1/109
f 768/1/109 832/1/109 833/1/109 769/1/109
f 769/1/109 833/1/109 834/1/109 770/1/109
f 770/1/109 834/1/109 835/1/109 771/1/109
f 926/1/1 958/1/1 959/1/1 927/1/1
f 778/1/146 906/1/146 905/1/146 777/1/146
f 779/1/149 907/1/149 906/1/149 778/1/149
f 780/1/54 908/1/54 907/1/54 779/1/54
f 806/1/139 934/1/139 935/1/139 807/1/139
f 781/1/153 909/1/153 908/1/153 780/1/153
f 782/1/127 910/1/127 909/1/127 781/1/127
f 783/1/128 911/1/128 910/1/128 782/1/128
f 784/1/154 912/1/154 911/1/154 783/1/154
f 810/1/149 938/1/149 939/1/149 811/1/149
f 785/1/132 913/1/132 912/1/132 784/1/132
f 759/1/145 886/1/145 887/1/145 758/1/145
f 786/1/134 914/1/134 913/1/134 785/1/134
f 760/1/148 888/1/148 886/1/148 759/1/148
f 787/1/136 915/1/136 914/1/136 786/1/136
f 761/1/151 889/1/151 888/1/151 760/1/151
f 788/1/138 916/1/138 915/1/138 787/1/138
f 762/1/152 890/1/152 889/1/152 761/1/152
f 814/1/128 942/1/128 943/1/128 815/1/128
f 789/1/141 917/1/141 916/1/141 788/1/141
f 763/1/126 891/1/126 890/1/126 762/1/126
f 758/1/144 887/1/144 917/1/144 789/1/144
f 764/1/29 892/1/29 891/1/29 763/1/29
f 791/1/145 919/1/145 918/1/145 790/1/145
f 765/1/129 893/1/129 892/1/129 764/1/129
f 766/1/131 894/1/131 893/1/131 765/1/131
f 818/1/136 946/1/136 947/1/136 819/1/136
f 767/1/133 895/1/133 894/1/133 766/1/133
f 768/1/135 896/1/135 895/1/135 767/1/135
f 794/1/126 922/1/126 923/1/126 795/1/126
f 769/1/137 897/1/137 896/1/137 768/1/137
f 770/1/140 898/1/140 897/1/140 769/1/140
f 771/1/155 899/1/155 898/1/155 770/1/155
f 772/1/124 900/1/124 899/1/124 771/1/124
f 798/1/133 926/1/133 927/1/133 799/1/133
f 773/1/147 901/1/147 900/1/147 772/1/147
f 774/1/150 902/1/150 901/1/150 773/1/150
f 775/1/139 903/1/139 902/1/139 774/1/139
f 776/1/142 904/1/142 903/1/142 775/1/142
f 960/1/1 992/1/1 993/1/1 961/1/1
f 940/1/1 972/1/1 973/1/1 941/1/1
f 927/1/1 959/1/1 960/1/1 928/1/1
f 941/1/1 973/1/1 974/1/1 942/1/1
f 928/1/1 960/1/1 961/1/1 929/1/1
f 942/1/1 974/1/1 975/1/1 943/1/1
f 929/1/1 961/1/1 962/1/1 930/1/1
f 943/1/1 975/1/1 976/1/1 944/1/1
f 930/1/1 962/1/1 963/1/1 931/1/1
f 944/1/1 976/1/1 977/1/1 945/1/1
f 931/1/1 963/1/1 964/1/1 932/1/1
f 919/1/1 951/1/1 950/1/1 918/1/1
f 945/1/1 977/1/1 978/1/1 946/1/1
f 932/1/1 964/1/1 965/1/1 933/1/1
f 918/1/1 950/1/1 952/1/1 920/1/1
f 946/1/1 978/1/1 979/1/1 947/1/1
f 933/1/1 965/1/1 966/1/1 934/1/1
f 920/1/1 952/1/1 953/1/1 921/1/1
f 947/1/1 979/1/1 980/1/1 948/1/1
f 934/1/1 966/1/1 967/1/1 935/1/1
f 921/1/1 953/1/1 954/1/1 922/1/1
f 948/1/1 980/1/1 981/1/1 949/1/1
f 935/1/1 967/1/1 968/1/1 936/1/1
f 922/1/1 954/1/1 955/1/1 923/1/1
f 949/1/1 981/1/1 951/1/1 919/1/1
f 936/1/1 968/1/1 969/1/1 937/1/1
f 923/1/1 955/1/1 956/1/1 924/1/1
f 937/1/1 969/1/1 970/1/1 938/1/1
f 924/1/1 956/1/1 957/1/1 925/1/1
f 938/1/1 970/1/1 971/1/1 939/1/1
f 925/1/1 957/1/1 958/1/1 926/1/1
f 939/1/1 971/1/1 972/1/1 940/1/1
f 1006/1/1 1038/1/1 1039/1/1 1007/1/1
f 974/1/1 1006/1/1 1007/1/1 975/1/1
f 961/1/1 993/1/1 994/1/1 962/1/1
f 975/1/1 1007/1/1 1008/1/1 976/1/1
f 962/1/1 994/1/1 995/1/1 963/1/1
f 976/1/1 1008/1/1 1009/1/1 977/1/1
f 963/1/1 995/1/1 996/1/1 964/1/1
f 951/1/1 983/1/1 982/1/1 950/1/1
f 977/1/1 1009/1/1 1010/1/1 978/1/1
f 964/1/1 996/1/1 997/1/1 965/1/1
f 950/1/1 982/1/1 984/1/1 952/1/1
f 978/1/1 1010/1/1 1011/1/1 979/1/1
f 965/1/1 997/1/1 998/1/1 966/1/1
f 952/1/1 984/1/1 985/1/1 953/1/1
f 979/1/1 1011/1/1 1012/1/1 980/1/1
f 966/1/1 998/1/1 999/1/1 967/1/1
f 953/1/1 985/1/1 986/1/1 954/1/1
f 980/1/1 1012/1/1 1013/1/1 981/1/1
f 967/1/1 999/1/1 1000/1/1 968/1/1
f 954/1/1 986/1/1 987/1/1 955/1/1
f 981/1/1 1013/1/1 983/1/1 951/1/1
f 968/1/1 1000/1/1 1001/1/1 969/1/1
f 955/1/1 987/1/1 988/1/1 956/1/1
f 969/1/1 1001/1/1 1002/1/1 970/1/1
f 956/1/1 988/1/1 989/1/1 957/1/1
f 970/1/1 1002/1/1 1003/1/1 971/1/1
f 957/1/1 989/1/1 990/1/1 958/1/1
f 971/1/1 1003/1/1 1004/1/1 972/1/1
f 958/1/1 990/1/1 991/1/1 959/1/1
f 972/1/1 1004/1/1 1005/1/1 973/1/1
f 959/1/1 991/1/1 992/1/1 960/1/1
f 973/1/1 1005/1/1 1006/1/1 974/1/1
f 993/1/1 1025/1/1 1026/1/1 994/1/1
f 1007/1/1 1039/1/1 1040/1/1 1008/1/1
f 994/1/1 1026/1/1 1027/1/1 995/1/1
f 1008/1/1 1040/1/1 1041/1/1 1009/1/1
f 995/1/1 1027/1/1 1028/1/1 996/1/1
f 983/1/1 1015/1/1 1014/1/1 982/1/1
f 1009/1/1 1041/1/1 1042/1/1 1010/1/1
f 996/1/1 1028/1/1 1029/1/1 997/1/1
f 982/1/1 1014/1/1 1016/1/1 984/1/1
f 1010/1/1 1042/1/1 1043/1/1 1011/1/1
f 997/1/1 1029/1/1 1030/1/1 998/1/1
f 984/1/1 1016/1/1 1017/1/1 985/1/1
f 1011/1/1 1043/1/1 1044/1/1 1012/1/1
f 998/1/1 1030/1/1 1031/1/1 999/1/1
f 985/1/1 1017/1/1 1018/1/1 986/1/1
f 1012/1/1 1044/1/1 1045/1/1 1013/1/1
f 999/1/1 1031/1/1 1032/1/1 1000/1/1
f 986/1/1 1018/1/1 1019/1/1 987/1/1
f 1013/1/1 1045/1/1 1015/1/1 983/1/1
f 1000/1/1 1032/1/1 1033/1/1 1001/1/1
f 987/1/1 1019/1/1 1020/1/1 988/1/1
f 1001/1/1 1033/1/1 1034/1/1 1002/1/1
f 988/1/1 1020/1/1 1021/1/1 989/1/1
f 1002/1/1 1034/1/1 1035/1/1 1003/1/1
f 989/1/1 1021/1/1 1022/1/1 990/1/1
f 1003/1/1 1035/1/1 1036/1/1 1004/1/1
f 990/1/1 1022/1/1 1023/1/1 991/1/1
f 1004/1/1 1036/1/1 1037/1/1 1005/1/1
f 991/1/1 1023/1/1 1024/1/1 992/1/1
f 1005/1/1 1037/1/1 1038/1/1 1006/1/1
f 992/1/1 1024/1/1 1025/1/1 993/1/1
f 1064/27/157 1066/29/157 1059/28/157 1060/26/157
f 1068/31/159 1070/15/159 1057/3/159 1058/30/159
f 1072/33/161 1074/9/161 1055/2/161 1056/32/161
f 1076/35/163 1078/37/163 1053/36/163 1054/34/163
f 1080/39/165 1082/7/165 1051/5/165 1052/38/165
f 1084/41/167 1086/6/167 1049/4/167 1050/40/167
f 1088/43/169 1090/45/169 1047/44/169 1048/42/169
f 1092/47/171 1062/49/171 1061/48/171 1046/46/171
f 1065/65/172 1067/80/172 1069/79/172 1071/78/172 1073/77/172 1075/76/172 1077/75/172 1079/74/172 1081/73/172 1083/72/172 1085/71/172 1087/70/172 1089/69/172 1091/68/172 1093/67/172 1063/66/172
f 1139/1/124 1267/1/124 1268/1/124 1140/1/124
f 1262/1/1 1294/1/1 1295/1/1 1263/1/1
f 1142/1/139 1270/1/139 1271/1/139 1143/1/139
f 1146/1/149 1274/1/149 1275/1/149 1147/1/149
f 1150/1/128 1278/1/128 1279/1/128 1151/1/128
f 1127/1/145 1255/1/145 1254/1/145 1126/1/145
f 1154/1/136 1282/1/136 1283/1/136 1155/1/136
f 1130/1/126 1258/1/126 1259/1/126 1131/1/126
f 1134/1/133 1262/1/133 1263/1/133 1135/1/133
f 1296/1/1 1328/1/1 1329/1/1 1297/1/1
f 1276/1/1 1308/1/1 1309/1/1 1277/1/1
f 1263/1/1 1295/1/1 1296/1/1 1264/1/1
f 1277/1/1 1309/1/1 1310/1/1 1278/1/1
f 1264/1/1 1296/1/1 1297/1/1 1265/1/1
f 1278/1/1 1310/1/1 1311/1/1 1279/1/1
f 1265/1/1 1297/1/1 1298/1/1 1266/1/1
f 1279/1/1 1311/1/1 1312/1/1 1280/1/1
f 1266/1/1 1298/1/1 1299/1/1 1267/1/1
f 1280/1/1 1312/1/1 1313/1/1 1281/1/1
f 1267/1/1 1299/1/1 1300/1/1 1268/1/1
f 1255/1/1 1287/1/1 1286/1/1 1254/1/1
f 1281/1/1 1313/1/1 1314/1/1 1282/1/1
f 1268/1/1 1300/1/1 1301/1/1 1269/1/1
f 1254/1/1 1286/1/1 1288/1/1 1256/1/1
f 1282/1/1 1314/1/1 1315/1/1 1283/1/1
f 1269/1/1 1301/1/1 1302/1/1 1270/1/1
f 1256/1/1 1288/1/1 1289/1/1 1257/1/1
f 1283/1/1 1315/1/1 1316/1/1 1284/1/1
f 1270/1/1 1302/1/1 1303/1/1 1271/1/1
f 1257/1/1 1289/1/1 1290/1/1 1258/1/1
f 1284/1/1 1316/1/1 1317/1/1 1285/1/1
f 1271/1/1 1303/1/1 1304/1/1 1272/1/1
f 1258/1/1 1290/1/1 1291/1/1 1259/1/1
f 1285/1/1 1317/1/1 1287/1/1 1255/1/1
f 1272/1/1 1304/1/1 1305/1/1 1273/1/1
f 1259/1/1 1291/1/1 1292/1/1 1260/1/1
f 1273/1/1 1305/1/1 1306/1/1 1274/1/1
f 1260/1/1 1292/1/1 1293/1/1 1261/1/1
f 1274/1/1 1306/1/1 1307/1/1 1275/1/1
f 1261/1/1 1293/1/1 1294/1/1 1262/1/1
f 1275/1/1 1307/1/1 1308/1/1 1276/1/1
f 1342/1/1 1374/1/1 1375/1/1 1343/1/1
f 1310/1/1 1342/1/1 1343/1/1 1311/1/1
f 1297/1/1 1329/1/1 1330/1/1 1298/1/1
f 1311/1/1 1343/1/1 1344/1/1 1312/1/1
f 1298/1/1 1330/1/1 1331/1/1 1299/1/1
f 1312/1/1 1344/1/1 1345/1/1 1313/1/1
f 1299/1/1 1331/1/1 1332/1/1 1300/1/1
f 1287/1/1 1319/1/1 1318/1/1 1286/1/1
f 1313/1/1 1345/1/1 1346/1/1 1314/1/1
f 1300/1/1 1332/1/1 1333/1/1 1301/1/1
f 1286/1/1 1318/1/1 1320/1/1 1288/1/1
f 1314/1/1 1346/1/1 1347/1/1 1315/1/1
f 1301/1/1 1333/1/1 1334/1/1 1302/1/1
f 1288/1/1 1320/1/1 1321/1/1 1289/1/1
f 1315/1/1 1347/1/1 1348/1/1 1316/1/1
f 1302/1/1 1334/1/1 1335/1/1 1303/1/1
f 1289/1/1 1321/1/1 1322/1/1 1290/1/1
f 1316/1/1 1348/1/1 1349/1/1 1317/1/1
f 1303/1/1 1335/1/1 1336/1/1 1304/1/1
f 1290/1/1 1322/1/1 1323/1/1 1291/1/1
f 1317/1/1 1349/1/1 1319/1/1 1287/1/1
f 1304/1/1 1336/1/1 1337/1/1 1305/1/1
f 1291/1/1 1323/1/1 1324/1/1 1292/1/1
f 1305/1/1 1337/1/1 1338/1/1 1306/1/1
f 1292/1/1 1324/1/1 1325/1/1 1293/1/1
f 1306/1/1 1338/1/1 1339/1/1 1307/1/1
f 1293/1/1 1325/1/1 1326/1/1 1294/1/1
f 1307/1/1 1339/1/1 1340/1/1 1308/1/1
f 1294/1/1 1326/1/1 1327/1/1 1295/1/1
f 1308/1/1 1340/1/1 1341/1/1 1309/1/1
f 1295/1/1 1327/1/1 1328/1/1 1296/1/1
f 1309/1/1 1341/1/1 1342/1/1 1310/1/1
f 1329/1/1 1361/1/1 1362/1/1 1330/1/1
f 1343/1/1 1375/1/1 1376/1/1 1344/1/1
f 1330/1/1 1362/1/1 1363/1/1 1331/1/1
f 1344/1/1 1376/1/1 1377/1/1 1345/1/1
f 1331/1/1 1363/1/1 1364/1/1 1332/1/1
f 1319/1/1 1351/1/1 1350/1/1 1318/1/1
f 1345/1/1 1377/1/1 1378/1/1 1346/1/1
f 1332/1/1 1364/1/1 1365/1/1 1333/1/1
f 1318/1/1 1350/1/1 1352/1/1 1320/1/1
f 1346/1/1 1378/1/1 1379/1/1 1347/1/1
f 1333/1/1 1365/1/1 1366/1/1 1334/1/1
f 1320/1/1 1352/1/1 1353/1/1 1321/1/1
f 1347/1/1 1379/1/1 1380/1/1 1348/1/1
f 1334/1/1 1366/1/1 1367/1/1 1335/1/1
f 1321/1/1 1353/1/1 1354/1/1 1322/1/1
f 1348/1/1 1380/1/1 1381/1/1 1349/1/1
f 1335/1/1 1367/1/1 1368/1/1 1336/1/1
f 1322/1/1 1354/1/1 1355/1/1 1323/1/1
f 1349/1/1 1381/1/1 1351/1/1 1319/1/1
f 1336/1/1 1368/1/1 1369/1/1 1337/1/1
f 1323/1/1 1355/1/1 1356/1/1 1324/1/1
f 1337/1/1 1369/1/1 1370/1/1 1338/1/1
f 1324/1/1 1356/1/1 1357/1/1 1325/1/1
f 1338/1/1 1370/1/1 1371/1/1 1339/1/1
f 1325/1/1 1357/1/1 1358/1/1 1326/1/1
f 1339/1/1 1371/1/1 1372/1/1 1340/1/1
f 1326/1/1 1358/1/1 1359/1/1 1327/1/1
f 1340/1/1 1372/1/1 1373/1/1 1341/1/1
f 1327/1/1 1359/1/1 1360/1/1 1328/1/1
f 1341/1/1 1373/1/1 1374/1/1 1342/1/1
f 1328/1/1 1360/1/1 1361/1/1 1329/1/1
f 1400/27/157 1402/29/157 1395/28/157 1396/26/157
f 1404/31/159 1406/15/159 1393/3/159 1394/30/159
f 1408/33/161 1410/9/161 1391/2/161 1392/32/161
f 1412/35/163 1414/37/163 1389/36/163 1390/34/163
f 1416/39/165 1418/7/165 1387/5/165 1388/38/165
f 1420/41/167 1422/6/167 1385/4/167 1386/40/167
f 1424/43/169 1426/45/169 1383/44/169 1384/42/169
f 1428/47/171 1398/49/171 1397/48/171 1382/46/171
f 1390/34/163 1389/36/163 1415/58/163 1413/57/163
f 1389/36/164 1388/38/164 1417/59/164 1415/58/164
f 1388/38/165 1387/5/165 1419/60/165 1417/59/165
f 1387/5/166 1386/40/166 1421/61/166 1419/60/166
f 1386/40/167 1385/4/167 1423/62/167 1421/61/167
f 1385/4/168 1384/42/168 1425/63/168 1423/62/168
f 1384/42/169 1383/44/169 1427/64/169 1425/63/169
f 1401/65/172 1403/80/172 1405/79/172 1407/78/172 1409/77/172 1411/76/172 1413/75/172 1415/74/172 1417/73/172 1419/72/172 1421/71/172 1423/70/172 1425/69/172 1427/68/172 1429/67/172 1399/66/172
f 1383/44/170 1382/46/170 1429/81/170 1427/64/170
usemtl Red
f 9/6/2 2/7/2 4/5/2 11/4/2
f 21/8/3 1/9/3 3/2/3 22/10/3
f 21/8/4 2/7/4 18/7/4 29/11/4
f 28/12/5 13/2/5 14/13/5 27/14/5
f 39/2/6 40/3/6 14/3/6 13/2/6
f 1/9/7 12/15/7 10/3/7 3/2/7
f 36/12/8 39/2/8 13/2/8 28/12/8
f 34/4/9 33/5/9 16/5/9 15/4/9
f 30/16/11 19/17/11 17/9/11 29/11/11
f 2/7/13 9/6/13 20/6/13 18/7/13
f 12/15/14 1/9/14 17/9/14 19/15/14
f 20/18/11 30/16/11 29/11/11 18/7/11
f 33/5/16 36/12/16 28/12/16 16/5/16
f 16/5/5 28/12/5 27/14/5 15/19/5
f 1/9/17 21/8/17 29/11/17 17/9/17
f 2/7/18 21/8/18 22/10/18 4/5/18
f 6/5/19 24/10/19 36/12/19 33/5/19
f 7/4/20 6/5/20 33/5/20 34/4/20
f 24/10/21 37/2/21 39/2/21 36/12/21
f 725/6/101 727/4/101 720/5/101 718/7/101
f 735/8/102 736/10/102 719/2/102 717/9/102
f 735/8/103 743/11/103 734/7/103 718/7/103
f 742/12/104 741/14/104 730/13/104 729/2/104
f 752/2/105 729/2/105 730/3/105 753/3/105
f 717/9/106 719/2/106 726/3/106 728/15/106
f 749/12/107 742/12/107 729/2/107 752/2/107
f 747/4/108 731/4/108 732/5/108 746/5/108
f 30/16/110 743/11/110 733/9/110 19/17/110
f 718/7/112 734/7/112 20/6/112 725/6/112
f 728/15/113 19/15/113 733/9/113 717/9/113
f 20/18/110 734/7/110 743/11/110 30/16/110
f 746/5/115 732/5/115 742/12/115 749/12/115
f 732/5/104 731/19/104 741/14/104 742/12/104
f 717/9/116 733/9/116 743/11/116 735/8/116
f 718/7/117 720/5/117 736/10/117 735/8/117
f 722/5/118 746/5/118 749/12/118 738/10/118
f 723/4/119 747/4/119 746/5/119 722/5/119
f 738/10/120 749/12/120 752/2/120 750/2/120
usemtl Window
f 41/20/6 42/21/6 44/22/6 43/23/6
f 754/20/105 756/23/105 757/22/105 755/21/105
usemtl Trim
f 5/21/6 8/20/6 37/2/6 38/3/6
f 8/20/6 32/23/6 39/2/6 37/2/6
f 8/20/22 5/21/22 42/21/22 41/20/22
f 32/23/6 31/22/6 40/3/6 39/2/6
f 31/22/23 32/23/23 43/23/23 44/22/23
f 32/23/24 8/20/24 41/20/24 43/23/24
f 348/25/58 350/50/58 352/51/58 347/26/58
f 347/26/59 352/51/59 354/52/59 346/28/59
f 346/28/60 354/52/60 356/53/60 345/30/60
f 345/30/61 356/53/61 358/54/61 344/3/61
f 344/3/62 358/54/62 360/55/62 343/32/62
f 343/32/63 360/55/63 362/56/63 342/2/63
f 342/2/64 362/56/64 364/57/64 341/34/64
f 341/34/65 364/57/65 366/58/65 340/36/65
f 340/36/66 366/58/66 368/59/66 339/38/66
f 339/38/67 368/59/67 370/60/67 338/5/67
f 338/5/68 370/60/68 372/61/68 337/40/68
f 337/40/69 372/61/69 374/62/69 336/4/69
f 336/4/70 374/62/70 376/63/70 335/42/70
f 335/42/71 376/63/71 378/64/71 334/44/71
f 334/44/72 378/64/72 380/81/72 333/46/72
f 333/46/73 380/81/73 350/82/73 348/48/73
f 684/25/58 686/50/58 688/51/58 683/26/58
f 683/26/59 688/51/59 690/52/59 682/28/59
f 682/28/60 690/52/60 692/53/60 681/30/60
f 681/30/61 692/53/61 694/54/61 680/3/61
f 680/3/62 694/54/62 696/55/62 679/32/62
f 679/32/63 696/55/63 698/56/63 678/2/63
f 678/2/64 698/56/64 700/57/64 677/34/64
f 669/46/73 716/81/73 686/82/73 684/48/73
f 721/21/105 751/3/105 750/2/105 724/20/105
f 724/20/105 750/2/105 752/2/105 745/23/105
f 724/20/121 754/20/121 755/21/121 721/21/121
f 745/23/105 752/2/105 753/3/105 744/22/105
f 744/22/122 757/22/122 756/23/122 745/23/122
f 745/23/123 756/23/123 754/20/123 724/20/123
f 1061/25/156 1060/26/156 1065/51/156 1063/50/156
f 1060/26/157 1059/28/157 1067/52/157 1065/51/157
f 1059/28/158 1058/30/158 1069/53/158 1067/52/158
f 1058/30/159 1057/3/159 1071/54/159 1069/53/159
f 1057/3/160 1056/32/160 1073/55/160 1071/54/160
f 1056/32/161 1055/2/161 1075/56/161 1073/55/161
f 1055/2/162 1054/34/162 1077/57/162 1075/56/162
f 1054/34/163 1053/36/163 1079/58/163 1077/57/163
f 1053/36/164 1052/38/164 1081/59/164 1079/58/164
f 1052/38/165 1051/5/165 1083/60/165 1081/59/165
f 1051/5/166 1050/40/166 1085/61/166 1083/60/166
f 1050/40/167 1049/4/167 1087/62/167 1085/61/167
f 1049/4/168 1048/42/168 1089/63/168 1087/62/168
f 1048/42/169 1047/44/169 1091/64/169 1089/63/169
f 1047/44/170 1046/46/170 1093/81/170 1091/64/170
f 1046/46/171 1061/48/171 1063/82/171 1093/81/171
f 1397/25/156 1396/26/156 1401/51/156 1399/50/156
f 1396/26/157 1395/28/157 1403/52/157 1401/51/157
f 1395/28/158 1394/30/158 1405/53/158 1403/52/158
f 1394/30/159 1393/3/159 1407/54/159 1405/53/159
f 1393/3/160 1392/32/160 1409/55/160 1407/54/160
f 1392/32/161 1391/2/161 1411/56/161 1409/55/161
f 1391/2/162 1390/34/162 1413/57/162 1411/56/162
f 1382/46/171 1397/48/171 1399/82/171 1429/81/171
usemtl Tire_Black
f 129/1/27 130/1/27 162/1/27 161/1/27
f 116/1/28 117/1/28 149/1/28 148/1/28
f 130/1/29 131/1/29 163/1/29 162/1/29
f 117/1/30 118/1/30 150/1/30 149/1/30
f 131/1/31 132/1/31 164/1/31 163/1/31
f 118/1/32 119/1/32 151/1/32 150/1/32
f 132/1/33 133/1/33 165/1/33 164/1/33
f 119/1/34 120/1/34 152/1/34 151/1/34
f 133/1/35 134/1/35 166/1/35 165/1/35
f 120/1/36 121/1/36 153/1/36 152/1/36
f 134/1/37 135/1/37 167/1/37 166/1/37
f 121/1/38 122/1/38 154/1/38 153/1/38
f 135/1/39 136/1/39 168/1/39 167/1/39
f 122/1/40 123/1/40 155/1/40 154/1/40
f 110/1/41 109/1/41 141/1/41 142/1/41
f 136/1/42 137/1/42 169/1/42 168/1/42
f 123/1/43 124/1/43 156/1/43 155/1/43
f 109/1/44 111/1/44 143/1/44 141/1/44
f 137/1/45 138/1/45 170/1/45 169/1/45
f 124/1/46 125/1/46 157/1/46 156/1/46
f 111/1/26 112/1/26 144/1/26 143/1/26
f 138/1/25 139/1/25 171/1/25 170/1/25
f 125/1/47 126/1/47 158/1/47 157/1/47
f 112/1/48 113/1/48 145/1/48 144/1/48
f 139/1/49 140/1/49 172/1/49 171/1/49
f 126/1/50 127/1/50 159/1/50 158/1/50
f 113/1/51 114/1/51 146/1/51 145/1/51
f 140/1/52 110/1/52 142/1/52 172/1/52
f 127/1/53 128/1/53 160/1/53 159/1/53
f 114/1/54 115/1/54 147/1/54 146/1/54
f 128/1/55 129/1/55 161/1/55 160/1/55
f 115/1/56 116/1/56 148/1/56 147/1/56
f 45/1/10 46/1/10 109/1/10 110/1/10
f 46/1/10 47/1/10 111/1/10 109/1/10
f 47/1/10 48/1/10 112/1/10 111/1/10
f 48/1/10 49/1/10 113/1/10 112/1/10
f 49/1/10 50/1/10 114/1/10 113/1/10
f 50/1/10 51/1/10 115/1/10 114/1/10
f 51/1/10 52/1/10 116/1/10 115/1/10
f 58/1/10 59/1/10 123/1/10 122/1/10
f 59/1/10 60/1/10 124/1/10 123/1/10
f 60/1/10 61/1/10 125/1/10 124/1/10
f 61/1/10 62/1/10 126/1/10 125/1/10
f 62/1/10 63/1/10 127/1/10 126/1/10
f 63/1/10 64/1/10 128/1/10 127/1/10
f 64/1/10 65/1/10 129/1/10 128/1/10
f 65/1/10 66/1/10 130/1/10 129/1/10
f 66/1/10 67/1/10 131/1/10 130/1/10
f 67/1/10 68/1/10 132/1/10 131/1/10
f 68/1/10 69/1/10 133/1/10 132/1/10
f 69/1/10 70/1/10 134/1/10 133/1/10
f 70/1/10 71/1/10 135/1/10 134/1/10
f 71/1/10 72/1/10 136/1/10 135/1/10
f 72/1/10 73/1/10 137/1/10 136/1/10
f 73/1/10 74/1/10 138/1/10 137/1/10
f 74/1/10 75/1/10 139/1/10 138/1/10
f 75/1/10 76/1/10 140/1/10 139/1/10
f 76/1/10 45/1/10 110/1/10 140/1/10
f 77/1/18 78/1/18 142/1/18 141/1/18
f 79/1/18 77/1/18 141/1/18 143/1/18
f 80/1/18 79/1/18 143/1/18 144/1/18
f 81/1/18 80/1/18 144/1/18 145/1/18
f 82/1/18 81/1/18 145/1/18 146/1/18
f 83/1/18 82/1/18 146/1/18 147/1/18
f 84/1/18 83/1/18 147/1/18 148/1/18
f 85/1/18 84/1/18 148/1/18 149/1/18
f 86/1/18 85/1/18 149/1/18 150/1/18
f 87/1/18 86/1/18 150/1/18 151/1/18
f 88/1/18 87/1/18 151/1/18 152/1/18
f 89/1/18 88/1/18 152/1/18 153/1/18
f 90/1/18 89/1/18 153/1/18 154/1/18
f 91/1/18 90/1/18 154/1/18 155/1/18
f 92/1/18 91/1/18 155/1/18 156/1/18
f 93/1/18 92/1/18 156/1/18 157/1/18
f 94/1/18 93/1/18 157/1/18 158/1/18
f 95/1/18 94/1/18 158/1/18 159/1/18
f 96/1/18 95/1/18 159/1/18 160/1/18
f 97/1/18 96/1/18 160/1/18 161/1/18
f 98/1/18 97/1/18 161/1/18 162/1/18
f 99/1/18 98/1/18 162/1/18 163/1/18
f 100/1/18 99/1/18 163/1/18 164/1/18
f 101/1/18 100/1/18 164/1/18 165/1/18
f 102/1/18 101/1/18 165/1/18 166/1/18
f 103/1/18 102/1/18 166/1/18 167/1/18
f 104/1/18 103/1/18 167/1/18 168/1/18
f 105/1/18 104/1/18 168/1/18 169/1/18
f 106/1/18 105/1/18 169/1/18 170/1/18
f 107/1/18 106/1/18 170/1/18 171/1/18
f 108/1/18 107/1/18 171/1/18 172/1/18
f 78/1/18 108/1/18 172/1/18 142/1/18
f 465/1/27 466/1/27 498/1/27 497/1/27
f 452/1/28 453/1/28 485/1/28 484/1/28
f 466/1/29 467/1/29 499/1/29 498/1/29
f 453/1/30 454/1/30 486/1/30 485/1/30
f 467/1/31 468/1/31 500/1/31 499/1/31
f 454/1/32 455/1/32 487/1/32 486/1/32
f 468/1/33 469/1/33 501/1/33 500/1/33
f 455/1/34 456/1/34 488/1/34 487/1/34
f 469/1/35 470/1/35 502/1/35 501/1/35
f 456/1/36 457/1/36 489/1/36 488/1/36
f 470/1/37 471/1/37 503/1/37 502/1/37
f 457/1/38 458/1/38 490/1/38 489/1/38
f 471/1/39 472/1/39 504/1/39 503/1/39
f 458/1/40 459/1/40 491/1/40 490/1/40
f 446/1/41 445/1/41 477/1/41 478/1/41
f 472/1/42 473/1/42 505/1/42 504/1/42
f 459/1/43 460/1/43 492/1/43 491/1/43
f 445/1/44 447/1/44 479/1/44 477/1/44
f 473/1/45 474/1/45 506/1/45 505/1/45
f 460/1/46 461/1/46 493/1/46 492/1/46
f 447/1/26 448/1/26 480/1/26 479/1/26
f 474/1/25 475/1/25 507/1/25 506/1/25
f 461/1/47 462/1/47 494/1/47 493/1/47
f 448/1/48 449/1/48 481/1/48 480/1/48
f 475/1/49 476/1/49 508/1/49 507/1/49
f 462/1/50 463/1/50 495/1/50 494/1/50
f 449/1/51 450/1/51 482/1/51 481/1/51
f 476/1/52 446/1/52 478/1/52 508/1/52
f 463/1/53 464/1/53 496/1/53 495/1/53
f 450/1/54 451/1/54 483/1/54 482/1/54
f 464/1/55 465/1/55 497/1/55 496/1/55
f 451/1/56 452/1/56 484/1/56 483/1/56
f 381/1/10 382/1/10 445/1/10 446/1/10
f 382/1/10 383/1/10 447/1/10 445/1/10
f 383/1/10 384/1/10 448/1/10 447/1/10
f 384/1/10 385/1/10 449/1/10 448/1/10
f 385/1/10 386/1/10 450/1/10 449/1/10
f 386/1/10 387/1/10 451/1/10 450/1/10
f 387/1/10 388/1/10 452/1/10 451/1/10
f 388/1/10 389/1/10 453/1/10 452/1/10
f 389/1/10 390/1/10 454/1/10 453/1/10
f 390/1/10 391/1/10 455/1/10 454/1/10
f 391/1/10 392/1/10 456/1/10 455/1/10
f 392/1/10 393/1/10 457/1/10 456/1/10
f 393/1/10 394/1/10 458/1/10 457/1/10
f 394/1/10 395/1/10 459/1/10 458/1/10
f 395/1/10 396/1/10 460/1/10 459/1/10
f 396/1/10 397/1/10 461/1/10 460/1/10
f 397/1/10 398/1/10 462/1/10 461/1/10
f 398/1/10 399/1/10 463/1/10 462/1/10
f 399/1/10 400/1/10 464/1/10 463/1/10
f 400/1/10 401/1/10 465/1/10 464/1/10
f 401/1/10 402/1/10 466/1/10 465/1/10
f 402/1/10 403/1/10 467/1/10 466/1/10
f 403/1/10 404/1/10 468/1/10 467/1/10
f 404/1/10 405/1/10 469/1/10 468/1/10
f 405/1/10 406/1/10 470/1/10 469/1/10
f 406/1/10 407/1/10 471/1/10 470/1/10
f 407/1/10 408/1/10 472/1/10 471/1/10
f 408/1/10 409/1/10 473/1/10 472/1/10
f 409/1/10 410/1/10 474/1/10 473/1/10
f 410/1/10 411/1/10 475/1/10 474/1/10
f 411/1/10 412/1/10 476/1/10 475/1/10
f 412/1/10 381/1/10 446/1/10 476/1/10
f 413/1/18 414/1/18 478/1/18 477/1/18
f 415/1/18 413/1/18 477/1/18 479/1/18
f 416/1/18 415/1/18 479/1/18 480/1/18
f 417/1/18 416/1/18 480/1/18 481/1/18
f 418/1/18 417/1/18 481/1/18 482/1/18
f 419/1/18 418/1/18 482/1/18 483/1/18
f 420/1/18 419/1/18 483/1/18 484/1/18
f 421/1/18 420/1/18 484/1/18 485/1/18
f 422/1/18 421/1/18 485/1/18 486/1/18
f 423/1/18 422/1/18 486/1/18 487/1/18
f 424/1/18 423/1/18 487/1/18 488/1/18
f 425/1/18 424/1/18 488/1/18 489/1/18
f 426/1/18 425/1/18 489/1/18 490/1/18
f 427/1/18 426/1/18 490/1/18 491/1/18
f 428/1/18 427/1/18 491/1/18 492/1/18
f 429/1/18 428/1/18 492/1/18 493/1/18
f 430/1/18 429/1/18 493/1/18 494/1/18
f 431/1/18 430/1/18 494/1/18 495/1/18
f 432/1/18 431/1/18 495/1/18 496/1/18
f 433/1/18 432/1/18 496/1/18 497/1/18
f 434/1/18 433/1/18 497/1/18 498/1/18
f 435/1/18 434/1/18 498/1/18 499/1/18
f 436/1/18 435/1/18 499/1/18 500/1/18
f 437/1/18 436/1/18 500/1/18 501/1/18
f 438/1/18 437/1/18 501/1/18 502/1/18
f 439/1/18 438/1/18 502/1/18 503/1/18
f 440/1/18 439/1/18 503/1/18 504/1/18
f 441/1/18 440/1/18 504/1/18 505/1/18
f 442/1/18 441/1/18 505/1/18 506/1/18
f 443/1/18 442/1/18 506/1/18 507/1/18
f 444/1/18 443/1/18 507/1/18 508/1/18
f 414/1/18 444/1/18 508/1/18 478/1/18
f 842/1/126 874/1/126 875/1/126 843/1/126
f 829/1/127 861/1/127 862/1/127 830/1/127
f 843/1/29 875/1/29 876/1/29 844/1/29
f 830/1/128 862/1/128 863/1/128 831/1/128
f 844/1/129 876/1/129 877/1/129 845/1/129
f 831/1/130 863/1/130 864/1/130 832/1/130
f 845/1/131 877/1/131 878/1/131 846/1/131
f 832/1/132 864/1/132 865/1/132 833/1/132
f 846/1/133 878/1/133 879/1/133 847/1/133
f 833/1/134 865/1/134 866/1/134 834/1/134
f 847/1/135 879/1/135 880/1/135 848/1/135
f 834/1/136 866/1/136 867/1/136 835/1/136
f 848/1/137 880/1/137 881/1/137 849/1/137
f 835/1/138 867/1/138 868/1/138 836/1/138
f 823/1/139 855/1/139 854/1/139 822/1/139
f 849/1/140 881/1/140 882/1/140 850/1/140
f 836/1/141 868/1/141 869/1/141 837/1/141
f 822/1/142 854/1/142 856/1/142 824/1/142
f 850/1/143 882/1/143 883/1/143 851/1/143
f 837/1/144 869/1/144 870/1/144 838/1/144
f 824/1/125 856/1/125 857/1/125 825/1/125
f 851/1/124 883/1/124 884/1/124 852/1/124
f 838/1/145 870/1/145 871/1/145 839/1/145
f 825/1/146 857/1/146 858/1/146 826/1/146
f 852/1/147 884/1/147 885/1/147 853/1/147
f 839/1/148 871/1/148 872/1/148 840/1/148
f 826/1/149 858/1/149 859/1/149 827/1/149
f 853/1/150 885/1/150 855/1/150 823/1/150
f 840/1/151 872/1/151 873/1/151 841/1/151
f 827/1/54 859/1/54 860/1/54 828/1/54
f 841/1/152 873/1/152 874/1/152 842/1/152
f 828/1/153 860/1/153 861/1/153 829/1/153
f 758/1/109 823/1/109 822/1/109 759/1/109
f 759/1/109 822/1/109 824/1/109 760/1/109
f 760/1/109 824/1/109 825/1/109 761/1/109
f 761/1/109 825/1/109 826/1/109 762/1/109
f 762/1/109 826/1/109 827/1/109 763/1/109
f 763/1/109 827/1/109 828/1/109 764/1/109
f 764/1/109 828/1/109 829/1/109 765/1/109
f 771/1/109 835/1/109 836/1/109 772/1/109
f 772/1/109 836/1/109 837/1/109 773/1/109
f 773/1/109 837/1/109 838/1/109 774/1/109
f 774/1/109 838/1/109 839/1/109 775/1/109
f 775/1/109 839/1/109 840/1/109 776/1/109
f 776/1/109 840/1/109 841/1/109 777/1/109
f 777/1/109 841/1/109 842/1/109 778/1/109
f 778/1/109 842/1/109 843/1/109 779/1/109
f 779/1/109 843/1/109 844/1/109 780/1/109
f 780/1/109 844/1/109 845/1/109 781/1/109
f 781/1/109 845/1/109 846/1/109 782/1/109
f 782/1/109 846/1/109 847/1/109 783/1/109
f 783/1/109 847/1/109 848/1/109 784/1/109
f 784/1/109 848/1/109 849/1/109 785/1/109
f 785/1/109 849/1/109 850/1/109 786/1/109
f 786/1/109 850/1/109 851/1/109 787/1/109
f 787/1/109 851/1/109 852/1/109 788/1/109
f 788/1/109 852/1/109 853/1/109 789/1/109
f 789/1/109 853/1/109 823/1/109 758/1/109
f 790/1/117 854/1/117 855/1/117 791/1/117
f 792/1/117 856/1/117 854/1/117 790/1/117
f 793/1/117 857/1/117 856/1/117 792/1/117
f 794/1/117 858/1/117 857/1/117 793/1/117
f 795/1/117 859/1/117 858/1/117 794/1/117
f 796/1/117 860/1/117 859/1/117 795/1/117
f 797/1/117 861/1/117 860/1/117 796/1/117
f 798/1/117 862/1/117 861/1/117 797/1/117
f 799/1/117 863/1/117 862/1/117 798/1/117
f 800/1/117 864/1/117 863/1/117 799/1/117
f 801/1/117 865/1/117 864/1/117 800/1/117
f 802/1/117 866/1/117 865/1/117 801/1/117
f 803/1/117 867/1/117 866/1/117 802/1/117
f 804/1/117 868/1/117 867/1/117 803/1/117
f 805/1/117 869/1/117 868/1/117 804/1/117
f 806/1/117 870/1/117 869/1/117 805/1/117
f 807/1/117 871/1/117 870/1/117 806/1/117
f 808/1/117 872/1/117 871/1/117 807/1/117
f 809/1/117 873/1/117 872/1/117 808/1/117
f 810/1/117 874/1/117 873/1/117 809/1/117
f 811/1/117 875/1/117 874/1/117 810/1/117
f 812/1/117 876/1/117 875/1/117 811/1/117
f 813/1/117 877/1/117 876/1/117 812/1/117
f 814/1/117 878/1/117 877/1/117 813/1/117
f 815/1/117 879/1/117 878/1/117 814/1/117
f 816/1/117 880/1/117 879/1/117 815/1/117
f 817/1/117 881/1/117 880/1/117 816/1/117
f 818/1/117 882/1/117 881/1/117 817/1/117
f 819/1/117 883/1/117 882/1/117 818/1/117
f 820/1/117 884/1/117 883/1/117 819/1/117
f 821/1/117 885/1/117 884/1/117 820/1/117
f 791/1/117 855/1/117 885/1/117 821/1/117
f 1178/1/126 1210/1/126 1211/1/126 1179/1/126
f 1165/1/127 1197/1/127 1198/1/127 1166/1/127
f 1179/1/29 1211/1/29 1212/1/29 1180/1/29
f 1166/1/128 1198/1/128 1199/1/128 1167/1/128
f 1180/1/129 1212/1/129 1213/1/129 1181/1/129
f 1167/1/130 1199/1/130 1200/1/130 1168/1/130
f 1181/1/131 1213/1/131 1214/1/131 1182/1/131
f 1168/1/132 1200/1/132 1201/1/132 1169/1/132
f 1182/1/133 1214/1/133 1215/1/133 1183/1/133
f 1169/1/134 1201/1/134 1202/1/134 1170/1/134
f 1183/1/135 1215/1/135 1216/1/135 1184/1/135
f 1170/1/136 1202/1/136 1203/1/136 1171/1/136
f 1184/1/137 1216/1/137 1217/1/137 1185/1/137
f 1171/1/138 1203/1/138 1204/1/138 1172/1/138
f 1159/1/139 1191/1/139 1190/1/139 1158/1/139
f 1185/1/140 1217/1/140 1218/1/140 1186/1/140
f 1172/1/141 1204/1/141 1205/1/141 1173/1/141
f 1158/1/142 1190/1/142 1192/1/142 1160/1/142
f 1186/1/155 1218/1/155 1219/1/155 1187/1/155
f 1173/1/144 1205/1/144 1206/1/144 1174/1/144
f 1160/1/125 1192/1/125 1193/1/125 1161/1/125
f 1187/1/124 1219/1/124 1220/1/124 1188/1/124
f 1174/1/145 1206/1/145 1207/1/145 1175/1/145
f 1161/1/146 1193/1/146 1194/1/146 1162/1/146
f 1188/1/147 1220/1/147 1221/1/147 1189/1/147
f 1175/1/148 1207/1/148 1208/1/148 1176/1/148
f 1162/1/149 1194/1/149 1195/1/149 1163/1/149
f 1189/1/150 1221/1/150 1191/1/150 1159/1/150
f 1176/1/151 1208/1/151 1209/1/151 1177/1/151
f 1163/1/54 1195/1/54 1196/1/54 1164/1/54
f 1177/1/152 1209/1/152 1210/1/152 1178/1/152
f 1164/1/153 1196/1/153 1197/1/153 1165/1/153
f 1094/1/109 1159/1/109 1158/1/109 1095/1/109
f 1095/1/109 1158/1/109 1160/1/109 1096/1/109
f 1096/1/109 1160/1/109 1161/1/109 1097/1/109
f 1097/1/109 1161/1/109 1162/1/109 1098/1/109
f 1098/1/109 1162/1/109 1163/1/109 1099/1/109
f 1099/1/109 1163/1/109 1164/1/109 1100/1/109
f 1100/1/109 1164/1/109 1165/1/109 1101/1/109
f 1101/1/109 1165/1/109 1166/1/109 1102/1/109
f 1102/1/109 1166/1/109 1167/1/109 1103/1/109
f 1103/1/109 1167/1/109 1168/1/109 1104/1/109
f 1104/1/109 1168/1/109 1169/1/109 1105/1/109
f 1105/1/109 1169/1/109 1170/1/109 1106/1/109
f 1106/1/109 1170/1/109 1171/1/109 1107/1/109
f 1107/1/109 1171/1/109 1172/1/109 1108/1/109
f 1108/1/109 1172/1/109 1173/1/109 1109/1/109
f 1109/1/109 1173/1/109 1174/1/109 1110/1/109
f 1110/1/109 1174/1/109 1175/1/109 1111/1/109
f 1111/1/109 1175/1/109 1176/1/109 1112/1/109
f 1112/1/109 1176/1/109 1177/1/109 1113/1/109
f 1113/1/109 1177/1/109 1178/1/109 1114/1/109
f 1114/1/109 1178/1/109 1179/1/109 1115/1/109
f 1115/1/109 1179/1/109 1180/1/109 1116/1/109
f 1116/1/109 1180/1/109 1181/1/109 1117/1/109
f 1117/1/109 1181/1/109 1182/1/109 1118/1/109
f 1118/1/109 1182/1/109 1183/1/109 1119/1/109
f 1119/1/109 1183/1/109 1184/1/109 1120/1/109
f 1120/1/109 1184/1/109 1185/1/109 1121/1/109
f 1121/1/109 1185/1/109 1186/1/109 1122/1/109
f 1122/1/109 1186/1/109 1187/1/109 1123/1/109
f 1123/1/109 1187/1/109 1188/1/109 1124/1/109
f 1124/1/109 1188/1/109 1189/1/109 1125/1/109
f 1125/1/109 1189/1/109 1159/1/109 1094/1/109
f 1126/1/117 1190/1/117 1191/1/117 1127/1/117
f 1128/1/117 1192/1/117 1190/1/117 1126/1/117
f 1129/1/117 1193/1/117 1192/1/117 1128/1/117
f 1130/1/117 1194/1/117 1193/1/117 1129/1/117
f 1131/1/117 1195/1/117 1194/1/117 1130/1/117
f 1132/1/117 1196/1/117 1195/1/117 1131/1/117
f 1133/1/117 1197/1/117 1196/1/117 1132/1/117
f 1134/1/117 1198/1/117 1197/1/117 1133/1/117
f 1135/1/117 1199/1/117 1198/1/117 1134/1/117
f 1136/1/117 1200/1/117 1199/1/117 1135/1/117
f 1137/1/117 1201/1/117 1200/1/117 1136/1/117
f 1138/1/117 1202/1/117 1201/1/117 1137/1/117
f 1139/1/117 1203/1/117 1202/1/117 1138/1/117
f 1140/1/117 1204/1/117 1203/1/117 1139/1/117
f 1141/1/117 1205/1/117 1204/1/117 1140/1/117
f 1142/1/117 1206/1/117 1205/1/117 1141/1/117
f 1143/1/117 1207/1/117 1206/1/117 1142/1/117
f 1144/1/117 1208/1/117 1207/1/117 1143/1/117
f 1145/1/117 1209/1/117 1208/1/117 1144/1/117
f 1146/1/117 1210/1/117 1209/1/117 1145/1/117
f 1147/1/117 1211/1/117 1210/1/117 1146/1/117
f 1148/1/117 1212/1/117 1211/1/117 1147/1/117
f 1149/1/117 1213/1/117 1212/1/117 1148/1/117
f 1150/1/117 1214/1/117 1213/1/117 1149/1/117
f 1151/1/117 1215/1/117 1214/1/117 1150/1/117
f 1152/1/117 1216/1/117 1215/1/117 1151/1/117
f 1153/1/117 1217/1/117 1216/1/117 1152/1/117
f 1154/1/117 1218/1/117 1217/1/117 1153/1/117
f 1155/1/117 1219/1/117 1218/1/117 1154/1/117
f 1156/1/117 1220/1/117 1219/1/117 1155/1/117
f 1157/1/117 1221/1/117 1220/1/117 1156/1/117
f 1127/1/117 1191/1/117 1221/1/117 1157/1/117
usemtl Silver
f 173/1/10 174/1/10 204/1/10 203/1/10 202/1/10 201/1/10 200/1/10 199/1/10 198/1/10 197/1/10 196/1/10 195/1/10 194/1/10 193/1/10 192/1/10 191/1/10 190/1/10 189/1/10 188/1/10 187/1/10 186/1/10 185/1/10 184/1/10 183/1/10 182/1/10 181/1/10 180/1/10 179/1/10 178/1/10 177/1/10 176/1/10 175/1/10
f 91/1/49 92/1/49 220/1/49 219/1/49
f 92/1/52 93/1/52 221/1/52 220/1/52
f 94/1/44 95/1/44 223/1/44 222/1/44
f 95/1/26 96/1/26 224/1/26 223/1/26
f 96/1/48 97/1/48 225/1/48 224/1/48
f 98/1/54 99/1/54 227/1/54 226/1/54
f 99/1/56 100/1/56 228/1/56 227/1/56
f 100/1/28 101/1/28 229/1/28 228/1/28
f 102/1/32 103/1/32 231/1/32 230/1/32
f 103/1/34 104/1/34 232/1/34 231/1/34
f 104/1/36 105/1/36 233/1/36 232/1/36
f 77/1/50 79/1/50 207/1/50 205/1/50
f 79/1/53 80/1/53 208/1/53 207/1/53
f 106/1/40 107/1/40 235/1/40 234/1/40
f 80/1/55 81/1/55 209/1/55 208/1/55
f 107/1/43 108/1/43 236/1/43 235/1/43
f 108/1/46 78/1/46 206/1/46 236/1/46
f 82/1/29 83/1/29 211/1/29 210/1/29
f 83/1/31 84/1/31 212/1/31 211/1/31
f 84/1/33 85/1/33 213/1/33 212/1/33
f 86/1/37 87/1/37 215/1/37 214/1/37
f 87/1/39 88/1/39 216/1/39 215/1/39
f 88/1/42 89/1/42 217/1/42 216/1/42
f 89/1/45 90/1/45 218/1/45 217/1/45
f 301/1/18 303/1/18 304/1/18 305/1/18 306/1/18 307/1/18 308/1/18 309/1/18 310/1/18 311/1/18 312/1/18 313/1/18 314/1/18 315/1/18 316/1/18 317/1/18 318/1/18 319/1/18 320/1/18 321/1/18 322/1/18 323/1/18 324/1/18 325/1/18 326/1/18 327/1/18 328/1/18 329/1/18 330/1/18 331/1/18 332/1/18 302/1/18
f 349/24/58 348/25/58 347/26/58 351/27/58
f 353/29/60 346/28/60 345/30/60 355/31/60
f 357/15/62 344/3/62 343/32/62 359/33/62
f 361/9/64 342/2/64 341/34/64 363/35/64
f 365/37/66 340/36/66 339/38/66 367/39/66
f 369/7/68 338/5/68 337/40/68 371/41/68
f 373/6/70 336/4/70 335/42/70 375/43/70
f 377/45/72 334/44/72 333/46/72 379/47/72
f 349/83/75 351/84/75 353/85/75 355/86/75 357/87/75 359/88/75 361/89/75 363/90/75 365/91/75 367/92/75 369/93/75 371/94/75 373/95/75 375/96/75 377/97/75 379/98/75
f 86/1/76 85/1/76 357/15/76 355/31/76
f 86/1/77 214/1/77 345/30/77 355/31/77
f 85/1/78 213/1/78 344/3/78 357/15/78
f 82/1/79 81/1/79 361/9/79 359/33/79
f 81/1/80 209/1/80 342/2/80 361/9/80
f 82/1/81 210/1/81 343/32/81 359/33/81
f 77/1/82 205/1/82 341/34/82 363/35/82
f 206/1/83 78/1/83 365/37/83 340/36/83
f 77/1/84 78/1/84 365/37/84 363/35/84
f 106/1/85 234/1/85 339/38/85 367/39/85
f 105/1/86 233/1/86 338/5/86 369/7/86
f 106/1/87 105/1/87 369/7/87 367/39/87
f 102/1/88 230/1/88 337/40/88 371/41/88
f 101/1/89 229/1/89 336/4/89 373/6/89
f 102/1/90 101/1/90 373/6/90 371/41/90
f 98/1/91 226/1/91 335/42/91 375/43/91
f 97/1/92 225/1/92 334/44/92 377/45/92
f 98/1/93 97/1/93 377/45/93 375/43/93
f 94/1/94 222/1/94 333/46/94 379/47/94
f 221/1/95 93/1/95 349/24/95 348/25/95
f 93/1/96 94/1/96 379/47/96 349/49/96
f 91/1/97 219/1/97 347/26/97 351/27/97
f 218/1/98 90/1/98 353/29/98 346/28/98
f 90/1/99 91/1/99 351/27/99 353/29/99
f 400/1/26 399/1/26 527/1/26 528/1/26
f 509/1/10 510/1/10 540/1/10 539/1/10 538/1/10 537/1/10 536/1/10 535/1/10 534/1/10 533/1/10 532/1/10 531/1/10 530/1/10 529/1/10 528/1/10 527/1/10 526/1/10 525/1/10 524/1/10 523/1/10 522/1/10 521/1/10 520/1/10 519/1/10 518/1/10 517/1/10 516/1/10 515/1/10 514/1/10 513/1/10 512/1/10 511/1/10
f 401/1/48 400/1/48 528/1/48 529/1/48
f 427/1/49 428/1/49 556/1/49 555/1/49
f 402/1/51 401/1/51 529/1/51 530/1/51
f 428/1/52 429/1/52 557/1/52 556/1/52
f 403/1/54 402/1/54 530/1/54 531/1/54
f 404/1/56 403/1/56 531/1/56 532/1/56
f 430/1/44 431/1/44 559/1/44 558/1/44
f 405/1/28 404/1/28 532/1/28 533/1/28
f 431/1/26 432/1/26 560/1/26 559/1/26
f 406/1/30 405/1/30 533/1/30 534/1/30
f 432/1/48 433/1/48 561/1/48 560/1/48
f 407/1/32 406/1/32 534/1/32 535/1/32
f 408/1/34 407/1/34 535/1/34 536/1/34
f 382/1/47 381/1/47 510/1/47 509/1/47
f 434/1/54 435/1/54 563/1/54 562/1/54
f 409/1/36 408/1/36 536/1/36 537/1/36
f 383/1/50 382/1/50 509/1/50 511/1/50
f 435/1/56 436/1/56 564/1/56 563/1/56
f 410/1/100 409/1/100 537/1/100 538/1/100
f 384/1/53 383/1/53 511/1/53 512/1/53
f 436/1/28 437/1/28 565/1/28 564/1/28
f 411/1/40 410/1/40 538/1/40 539/1/40
f 385/1/55 384/1/55 512/1/55 513/1/55
f 412/1/43 411/1/43 539/1/43 540/1/43
f 386/1/27 385/1/27 513/1/27 514/1/27
f 438/1/32 439/1/32 567/1/32 566/1/32
f 381/1/46 412/1/46 540/1/46 510/1/46
f 387/1/29 386/1/29 514/1/29 515/1/29
f 439/1/34 440/1/34 568/1/34 567/1/34
f 388/1/31 387/1/31 515/1/31 516/1/31
f 440/1/36 441/1/36 569/1/36 568/1/36
f 413/1/50 415/1/50 543/1/50 541/1/50
f 389/1/33 388/1/33 516/1/33 517/1/33
f 415/1/53 416/1/53 544/1/53 543/1/53
f 390/1/35 389/1/35 517/1/35 518/1/35
f 442/1/40 443/1/40 571/1/40 570/1/40
f 416/1/55 417/1/55 545/1/55 544/1/55
f 391/1/37 390/1/37 518/1/37 519/1/37
f 443/1/43 444/1/43 572/1/43 571/1/43
f 392/1/39 391/1/39 519/1/39 520/1/39
f 444/1/46 414/1/46 542/1/46 572/1/46
f 418/1/29 419/1/29 547/1/29 546/1/29
f 393/1/42 392/1/42 520/1/42 521/1/42
f 419/1/31 420/1/31 548/1/31 547/1/31
f 394/1/45 393/1/45 521/1/45 522/1/45
f 420/1/33 421/1/33 549/1/33 548/1/33
f 395/1/25 394/1/25 522/1/25 523/1/25
f 396/1/49 395/1/49 523/1/49 524/1/49
f 422/1/37 423/1/37 551/1/37 550/1/37
f 397/1/52 396/1/52 524/1/52 525/1/52
f 423/1/39 424/1/39 552/1/39 551/1/39
f 398/1/41 397/1/41 525/1/41 526/1/41
f 424/1/42 425/1/42 553/1/42 552/1/42
f 399/1/44 398/1/44 526/1/44 527/1/44
f 425/1/45 426/1/45 554/1/45 553/1/45
f 637/1/18 639/1/18 640/1/18 641/1/18 642/1/18 643/1/18 644/1/18 645/1/18 646/1/18 647/1/18 648/1/18 649/1/18 650/1/18 651/1/18 652/1/18 653/1/18 654/1/18 655/1/18 656/1/18 657/1/18 658/1/18 659/1/18 660/1/18 661/1/18 662/1/18 663/1/18 664/1/18 665/1/18 666/1/18 667/1/18 668/1/18 638/1/18
f 685/24/58 684/25/58 683/26/58 687/27/58
f 689/29/60 682/28/60 681/30/60 691/31/60
f 693/15/62 680/3/62 679/32/62 695/33/62
f 697/9/64 678/2/64 677/34/64 699/35/64
f 701/37/66 676/36/66 675/38/66 703/39/66
f 705/7/68 674/5/68 673/40/68 707/41/68
f 709/6/70 672/4/70 671/42/70 711/43/70
f 713/45/72 670/44/72 669/46/72 715/47/72
f 685/83/75 687/84/75 689/85/75 691/86/75 693/87/75 695/88/75 697/89/75 699/90/75 701/91/75 703/92/75 705/93/75 707/94/75 709/95/75 711/96/75 713/97/75 715/98/75
f 422/1/76 421/1/76 693/15/76 691/31/76
f 422/1/77 550/1/77 681/30/77 691/31/77
f 421/1/78 549/1/78 680/3/78 693/15/78
f 418/1/79 417/1/79 697/9/79 695/33/79
f 417/1/80 545/1/80 678/2/80 697/9/80
f 418/1/81 546/1/81 679/32/81 695/33/81
f 413/1/82 541/1/82 677/34/82 699/35/82
f 542/1/83 414/1/83 701/37/83 676/36/83
f 413/1/84 414/1/84 701/37/84 699/35/84
f 442/1/85 570/1/85 675/38/85 703/39/85
f 441/1/86 569/1/86 674/5/86 705/7/86
f 442/1/87 441/1/87 705/7/87 703/39/87
f 438/1/88 566/1/88 673/40/88 707/41/88
f 437/1/89 565/1/89 672/4/89 709/6/89
f 438/1/90 437/1/90 709/6/90 707/41/90
f 434/1/91 562/1/91 671/42/91 711/43/91
f 433/1/92 561/1/92 670/44/92 713/45/92
f 434/1/93 433/1/93 713/45/93 711/43/93
f 430/1/94 558/1/94 669/46/94 715/47/94
f 557/1/95 429/1/95 685/24/95 684/25/95
f 429/1/96 430/1/96 715/47/96 685/49/96
f 427/1/97 555/1/97 683/26/97 687/27/97
f 554/1/98 426/1/98 689/29/98 682/28/98
f 426/1/99 427/1/99 687/27/99 689/29/99
f 886/1/109 888/1/109 889/1/109 890/1/109 891/1/109 892/1/109 893/1/109 894/1/109 895/1/109 896/1/109 897/1/109 898/1/109 899/1/109 900/1/109 901/1/109 902/1/109 903/1/109 904/1/109 905/1/109 906/1/109 907/1/109 908/1/109 909/1/109 910/1/109 911/1/109 912/1/109 913/1/109 914/1/109 915/1/109 916/1/109 917/1/109 887/1/109
f 804/1/147 932/1/147 933/1/147 805/1/147
f 805/1/150 933/1/150 934/1/150 806/1/150
f 807/1/142 935/1/142 936/1/142 808/1/142
f 808/1/125 936/1/125 937/1/125 809/1/125
f 809/1/146 937/1/146 938/1/146 810/1/146
f 811/1/54 939/1/54 940/1/54 812/1/54
f 812/1/153 940/1/153 941/1/153 813/1/153
f 813/1/127 941/1/127 942/1/127 814/1/127
f 815/1/130 943/1/130 944/1/130 816/1/130
f 816/1/132 944/1/132 945/1/132 817/1/132
f 817/1/134 945/1/134 946/1/134 818/1/134
f 790/1/148 918/1/148 920/1/148 792/1/148
f 792/1/151 920/1/151 921/1/151 793/1/151
f 819/1/138 947/1/138 948/1/138 820/1/138
f 793/1/152 921/1/152 922/1/152 794/1/152
f 820/1/141 948/1/141 949/1/141 821/1/141
f 821/1/144 949/1/144 919/1/144 791/1/144
f 795/1/29 923/1/29 924/1/29 796/1/29
f 796/1/129 924/1/129 925/1/129 797/1/129
f 797/1/131 925/1/131 926/1/131 798/1/131
f 799/1/135 927/1/135 928/1/135 800/1/135
f 800/1/137 928/1/137 929/1/137 801/1/137
f 801/1/140 929/1/140 930/1/140 802/1/140
f 802/1/155 930/1/155 931/1/155 803/1/155
f 1014/1/117 1015/1/117 1045/1/117 1044/1/117 1043/1/117 1042/1/117 1041/1/117 1040/1/117 1039/1/117 1038/1/117 1037/1/117 1036/1/117 1035/1/117 1034/1/117 1033/1/117 1032/1/117 1031/1/117 1030/1/117 1029/1/117 1028/1/117 1027/1/117 1026/1/117 1025/1/117 1024/1/117 1023/1/117 1022/1/117 1021/1/117 1020/1/117 1019/1/117 1018/1/117 1017/1/117 1016/1/117
f 1062/24/156 1064/27/156 1060/26/156 1061/25/156
f 1066/29/158 1068/31/158 1058/30/158 1059/28/158
f 1070/15/160 1072/33/160 1056/32/160 1057/3/160
f 1074/9/162 1076/35/162 1054/34/162 1055/2/162
f 1078/37/164 1080/39/164 1052/38/164 1053/36/164
f 1082/7/166 1084/41/166 1050/40/166 1051/5/166
f 1086/6/168 1088/43/168 1048/42/168 1049/4/168
f 1090/45/170 1092/47/170 1046/46/170 1047/44/170
f 1062/83/173 1092/98/173 1090/97/173 1088/96/173 1086/95/173 1084/94/173 1082/93/173 1080/92/173 1078/91/173 1076/90/173 1074/89/173 1072/88/173 1070/87/173 1068/86/173 1066/85/173 1064/84/173
f 799/1/174 1068/31/174 1070/15/174 798/1/174
f 799/1/175 1068/31/175 1058/30/175 927/1/175
f 798/1/176 1070/15/176 1057/3/176 926/1/176
f 795/1/177 1072/33/177 1074/9/177 794/1/177
f 794/1/178 1074/9/178 1055/2/178 922/1/178
f 795/1/179 1072/33/179 1056/32/179 923/1/179
f 790/1/180 1076/35/180 1054/34/180 918/1/180
f 919/1/181 1053/36/181 1078/37/181 791/1/181
f 790/1/182 1076/35/182 1078/37/182 791/1/182
f 819/1/183 1080/39/183 1052/38/183 947/1/183
f 818/1/184 1082/7/184 1051/5/184 946/1/184
f 819/1/185 1080/39/185 1082/7/185 818/1/185
f 815/1/186 1084/41/186 1050/40/186 943/1/186
f 814/1/187 1086/6/187 1049/4/187 942/1/187
f 815/1/188 1084/41/188 1086/6/188 814/1/188
f 811/1/189 1088/43/189 1048/42/189 939/1/189
f 810/1/190 1090/45/190 1047/44/190 938/1/190
f 811/1/191 1088/43/191 1090/45/191 810/1/191
f 807/1/192 1092/47/192 1046/46/192 935/1/192
f 934/1/193 1061/25/193 1062/24/193 806/1/193
f 806/1/194 1062/49/194 1092/47/194 807/1/194
f 804/1/195 1064/27/195 1060/26/195 932/1/195
f 931/1/196 1059/28/196 1066/29/196 803/1/196
f 803/1/197 1066/29/197 1064/27/197 804/1/197
f 1113/1/125 1241/1/125 1240/1/125 1112/1/125
f 1222/1/109 1224/1/109 1225/1/109 1226/1/109 1227/1/109 1228/1/109 1229/1/109 1230/1/109 1231/1/109 1232/1/109 1233/1/109 1234/1/109 1235/1/109 1236/1/109 1237/1/109 1238/1/109 1239/1/109 1240/1/109 1241/1/109 1242/1/109 1243/1/109 1244/1/109 1245/1/109 1246/1/109 1247/1/109 1248/1/109 1249/1/109 1250/1/109 1251/1/109 1252/1/109 1253/1/109 1223/1/109
f 1114/1/146 1242/1/146 1241/1/146 1113/1/146
f 1140/1/147 1268/1/147 1269/1/147 1141/1/147
f 1115/1/149 1243/1/149 1242/1/149 1114/1/149
f 1141/1/150 1269/1/150 1270/1/150 1142/1/150
f 1116/1/54 1244/1/54 1243/1/54 1115/1/54
f 1117/1/153 1245/1/153 1244/1/153 1116/1/153
f 1143/1/142 1271/1/142 1272/1/142 1144/1/142
f 1118/1/127 1246/1/127 1245/1/127 1117/1/127
f 1144/1/125 1272/1/125 1273/1/125 1145/1/125
f 1119/1/128 1247/1/128 1246/1/128 1118/1/128
f 1145/1/146 1273/1/146 1274/1/146 1146/1/146
f 1120/1/130 1248/1/130 1247/1/130 1119/1/130
f 1121/1/132 1249/1/132 1248/1/132 1120/1/132
f 1095/1/145 1222/1/145 1223/1/145 1094/1/145
f 1147/1/54 1275/1/54 1276/1/54 1148/1/54
f 1122/1/134 1250/1/134 1249/1/134 1121/1/134
f 1096/1/148 1224/1/148 1222/1/148 1095/1/148
f 1148/1/153 1276/1/153 1277/1/153 1149/1/153
f 1123/1/136 1251/1/136 1250/1/136 1122/1/136
f 1097/1/151 1225/1/151 1224/1/151 1096/1/151
f 1149/1/127 1277/1/127 1278/1/127 1150/1/127
f 1124/1/138 1252/1/138 1251/1/138 1123/1/138
f 1098/1/152 1226/1/152 1225/1/152 1097/1/152
f 1125/1/141 1253/1/141 1252/1/141 1124/1/141
f 1099/1/126 1227/1/126 1226/1/126 1098/1/126
f 1151/1/130 1279/1/130 1280/1/130 1152/1/130
f 1094/1/144 1223/1/144 1253/1/144 1125/1/144
f 1100/1/29 1228/1/29 1227/1/29 1099/1/29
f 1152/1/132 1280/1/132 1281/1/132 1153/1/132
f 1101/1/129 1229/1/129 1228/1/129 1100/1/129
f 1153/1/134 1281/1/134 1282/1/134 1154/1/134
f 1126/1/148 1254/1/148 1256/1/148 1128/1/148
f 1102/1/131 1230/1/131 1229/1/131 1101/1/131
f 1128/1/151 1256/1/151 1257/1/151 1129/1/151
f 1103/1/133 1231/1/133 1230/1/133 1102/1/133
f 1155/1/138 1283/1/138 1284/1/138 1156/1/138
f 1129/1/152 1257/1/152 1258/1/152 1130/1/152
f 1104/1/135 1232/1/135 1231/1/135 1103/1/135
f 1156/1/141 1284/1/141 1285/1/141 1157/1/141
f 1105/1/137 1233/1/137 1232/1/137 1104/1/137
f 1157/1/144 1285/1/144 1255/1/144 1127/1/144
f 1131/1/29 1259/1/29 1260/1/29 1132/1/29
f 1106/1/140 1234/1/140 1233/1/140 1105/1/140
f 1132/1/129 1260/1/129 1261/1/129 1133/1/129
f 1107/1/155 1235/1/155 1234/1/155 1106/1/155
f 1133/1/131 1261/1/131 1262/1/131 1134/1/131
f 1108/1/124 1236/1/124 1235/1/124 1107/1/124
f 1109/1/147 1237/1/147 1236/1/147 1108/1/147
f 1135/1/135 1263/1/135 1264/1/135 1136/1/135
f 1110/1/150 1238/1/150 1237/1/150 1109/1/150
f 1136/1/137 1264/1/137 1265/1/137 1137/1/137
f 1111/1/139 1239/1/139 1238/1/139 1110/1/139
f 1137/1/140 1265/1/140 1266/1/140 1138/1/140
f 1112/1/142 1240/1/142 1239/1/142 1111/1/142
f 1138/1/155 1266/1/155 1267/1/155 1139/1/155
f 1350/1/117 1351/1/117 1381/1/117 1380/1/117 1379/1/117 1378/1/117 1377/1/117 1376/1/117 1375/1/117 1374/1/117 1373/1/117 1372/1/117 1371/1/117 1370/1/117 1369/1/117 1368/1/117 1367/1/117 1366/1/117 1365/1/117 1364/1/117 1363/1/117 1362/1/117 1361/1/117 1360/1/117 1359/1/117 1358/1/117 1357/1/117 1356/1/117 1355/1/117 1354/1/117 1353/1/117 1352/1/117
f 1398/24/156 1400/27/156 1396/26/156 1397/25/156
f 1402/29/158 1404/31/158 1394/30/158 1395/28/158
f 1406/15/160 1408/33/160 1392/32/160 1393/3/160
f 1410/9/162 1412/35/162 1390/34/162 1391/2/162
f 1414/37/164 1416/39/164 1388/38/164 1389/36/164
f 1418/7/166 1420/41/166 1386/40/166 1387/5/166
f 1422/6/168 1424/43/168 1384/42/168 1385/4/168
f 1426/45/170 1428/47/170 1382/46/170 1383/44/170
f 1398/83/173 1428/98/173 1426/97/173 1424/96/173 1422/95/173 1420/94/173 1418/93/173 1416/92/173 1414/91/173 1412/90/173 1410/89/173 1408/88/173 1406/87/173 1404/86/173 1402/85/173 1400/84/173
f 1135/1/174 1404/31/174 1406/15/174 1134/1/174
f 1135/1/175 1404/31/175 1394/30/175 1263/1/175
f 1134/1/176 1406/15/176 1393/3/176 1262/1/176
f 1131/1/177 1408/33/177 1410/9/177 1130/1/177
f 1130/1/178 1410/9/178 1391/2/178 1258/1/178
f 1131/1/179 1408/33/179 1392/32/179 1259/1/179
f 1126/1/180 1412/35/180 1390/34/180 1254/1/180
f 1255/1/181 1389/36/181 1414/37/181 1127/1/181
f 1126/1/182 1412/35/182 1414/37/182 1127/1/182
f 1155/1/183 1416/39/183 1388/38/183 1283/1/183
f 1154/1/184 1418/7/184 1387/5/184 1282/1/184
f 1155/1/185 1416/39/185 1418/7/185 1154/1/185
f 1151/1/186 1420/41/186 1386/40/186 1279/1/186
f 1150/1/187 1422/6/187 1385/4/187 1278/1/187
f 1151/1/188 1420/41/188 1422/6/188 1150/1/188
f 1147/1/189 1424/43/189 1384/42/189 1275/1/189
f 1146/1/190 1426/45/190 1383/44/190 1274/1/190
f 1147/1/191 1424/43/191 1426/45/191 1146/1/191
f 1143/1/192 1428/47/192 1382/46/192 1271/1/192
f 1270/1/193 1397/25/193 1398/24/193 1142/1/193
f 1142/1/194 1398/49/194 1428/47/194 1143/1/194
f 1140/1/195 1400/27/195 1396/26/195 1268/1/195
f 1267/1/196 1395/28/196 1402/29/196 1139/1/196
f 1139/1/197 1402/29/197 1400/27/197 1140/1/197
o Spoiler
v 0.452470 1.108874 -2.225466
v 0.452470 1.107797 -2.394250
v 0.547530 1.107797 -2.394250
v 0.547530 1.108874 -2.225466
v 0.625306 0.665407 -1.834879
v 0.547530 0.966084 -2.097448
v 0.625306 0.600320 -2.013511
v 0.547530 0.900997 -2.276079
v 0.530246 0.600320 -2.013511
v 0.452470 0.900997 -2.276079
v 0.530246 0.665407 -1.834879
v 0.452470 0.966084 -2.097448
v 0.547530 1.108874 -2.225466
v 0.452470 1.108874 -2.225466
v 0.547530 1.107797 -2.394250
v 0.452470 1.107797 -2.394250
v 0.547530 1.147414 -2.225713
v 0.452470 1.147414 -2.225713
v 0.547530 1.146337 -2.394496
v 0.452470 1.146337 -2.394496
v 0.547530 1.109345 -2.151729
v 0.452470 1.109345 -2.151729
v 0.547530 1.147885 -2.151975
v 0.452470 1.147885 -2.151975
v 0.452470 1.107408 -2.455196
v 0.547530 1.107408 -2.455196
v 0.452470 1.145948 -2.455442
v 0.547530 1.145948 -2.455442
v 0.452470 1.107797 -2.394250
v 0.452470 1.108874 -2.225466
v 0.452470 1.146337 -2.394496
v 0.452470 1.147414 -2.225713
v 0.452470 1.109345 -2.151729
v 0.452470 1.147885 -2.151975
v 0.452470 1.107408 -2.455196
v 0.452470 1.145948 -2.455442
v 0.452470 1.107797 -2.394250
v 0.452470 1.108874 -2.225466
v 0.452470 1.146337 -2.394496
v 0.452470 1.147414 -2.225713
v 0.452470 1.109345 -2.151729
v 0.452470 1.147885 -2.151975
v 0.452470 1.107408 -2.455196
v 0.452470 1.145948 -2.455442
v 0.452470 1.107797 -2.394250
v 0.452470 1.108874 -2.225466
v 0.452470 1.146337 -2.394496
v 0.452470 1.147414 -2.225713
v 0.452470 1.109345 -2.151729
v 0.452470 1.147885 -2.151975
v 0.452470 1.107408 -2.455196
v 0.452470 1.145948 -2.455442
v 0.452470 1.107797 -2.394250
v 0.452470 1.108874 -2.225466
v 0.452470 1.146337 -2.394496
v 0.452470 1.147414 -2.225713
v 0.452470 1.109345 -2.151729
v 0.452470 1.147885 -2.151975
v 0.452470 1.107408 -2.455196
v 0.452470 1.145948 -2.455442
v 0.452470 1.107797 -2.394250
v 0.452470 1.108874 -2.225466
v 0.452470 1.146337 -2.394496
v 0.452470 1.147414 -2.225713
v 0.452470 1.109345 -2.151729
v 0.452470 1.147885 -2.151975
v 0.452470 1.107408 -2.455196
v 0.452470 1.145948 -2.455442
v 0.452470 1.107797 -2.394250
v 0.452470 1.146337 -2.394496
v 0.452470 1.107408 -2.455196
v 0.452470 1.145948 -2.455442
v 0.452470 1.107797 -2.394250
v 0.452470 1.108874 -2.225466
v 0.452470 1.146337 -2.394496
v 0.452470 1.147414 -2.225713
v 0.452470 1.109345 -2.151729
v 0.452470 1.147885 -2.151975
v 0.452470 1.107797 -2.394250
v 0.452470 1.146337 -2.394496
v 0.452470 1.107408 -2.455196
v 0.452470 1.145948 -2.455442
v 0.452470 1.107797 -2.394250
v 0.452470 1.108874 -2.225466
v 0.452470 1.146337 -2.394496
v 0.452470 1.147414 -2.225713
v 0.452470 1.109345 -2.151729
v 0.452470 1.147885 -2.151975
v 0.452470 1.107797 -2.394250
v 0.452470 1.146337 -2.394496
v 0.452470 1.107408 -2.455196
v 0.452470 1.145948 -2.455442
v 0.452470 1.107797 -2.394250
v 0.452470 1.108874 -2.225466
v 0.452470 1.146337 -2.394496
v 0.452470 1.147414 -2.225713
v 0.452470 1.109345 -2.151729
v 0.452470 1.147885 -2.151975
v 0.452470 1.107797 -2.394250
v 0.452470 1.146337 -2.394496
v 0.452470 1.107408 -2.455196
v 0.452470 1.145948 -2.455442
v 0.452470 1.107408 -2.455196
v 0.452470 1.145948 -2.455442
v 0.000000 1.107408 -2.455196
v 0.000000 1.145948 -2.455442
v 0.000000 1.109345 -2.151729
v 0.000000 1.147885 -2.151975
v 0.000000 1.109345 -2.151729
v 0.000000 1.147885 -2.151975
v 0.000000 1.109345 -2.151729
v 0.000000 1.147885 -2.151975
v 0.000000 1.109345 -2.151729
v 0.000000 1.147885 -2.151975
v 0.000000 1.109345 -2.151729
v 0.000000 1.147885 -2.151975
v 0.000000 1.109345 -2.151729
v 0.000000 1.147885 -2.151975
v 0.000000 1.109345 -2.151729
v 0.000000 1.147885 -2.151975
v 0.000000 1.109345 -2.151729
v 0.000000 1.147885 -2.151975
v 0.000000 1.109345 -2.151729
v 0.000000 1.147885 -2.151975
v 0.916046 1.234639 -2.455047
v 0.916046 1.235716 -2.286263
v 0.916046 1.246867 -2.455293
v 0.916046 1.247945 -2.286509
v 0.916046 1.248416 -2.212771
v 0.916046 1.236187 -2.212525
v 0.916046 1.246478 -2.516238
v 0.916046 1.234250 -2.515992
v -0.452470 1.108874 -2.225466
v -0.452470 1.107797 -2.394250
v -0.547530 1.107797 -2.394250
v -0.547530 1.108874 -2.225466
v -0.625306 0.665407 -1.834879
v -0.547530 0.966084 -2.097448
v -0.625306 0.600320 -2.013511
v -0.547530 0.900997 -2.276079
v -0.530246 0.600320 -2.013511
v -0.452470 0.900997 -2.276079
v -0.530246 0.665407 -1.834879
v -0.452470 0.966084 -2.097448
v -0.547530 1.108874 -2.225466
v -0.452470 1.108874 -2.225466
v -0.547530 1.107797 -2.394250
v -0.452470 1.107797 -2.394250
v -0.547530 1.147414 -2.225713
v -0.452470 1.147414 -2.225713
v -0.547530 1.146337 -2.394496
v -0.452470 1.146337 -2.394496
v -0.547530 1.109345 -2.151729
v -0.452470 1.109345 -2.151729
v -0.547530 1.147885 -2.151975
v -0.452470 1.147885 -2.151975
v -0.452470 1.107408 -2.455196
v -0.547530 1.107408 -2.455196
v -0.452470 1.145948 -2.455442
v -0.547530 1.145948 -2.455442
v -0.452470 1.107797 -2.394250
v -0.452470 1.108874 -2.225466
v -0.452470 1.146337 -2.394496
v -0.452470 1.147414 -2.225713
v -0.452470 1.109345 -2.151729
v -0.452470 1.147885 -2.151975
v -0.452470 1.107408 -2.455196
v -0.452470 1.145948 -2.455442
v -0.452470 1.107797 -2.394250
v -0.452470 1.108874 -2.225466
v -0.452470 1.146337 -2.394496
v -0.452470 1.147414 -2.225713
v -0.452470 1.109345 -2.151729
v -0.452470 1.147885 -2.151975
v -0.452470 1.107408 -2.455196
v -0.452470 1.145948 -2.455442
v -0.452470 1.107797 -2.394250
v -0.452470 1.108874 -2.225466
v -0.452470 1.146337 -2.394496
v -0.452470 1.147414 -2.225713
v -0.452470 1.109345 -2.151729
v -0.452470 1.147885 -2.151975
v -0.452470 1.107408 -2.455196
v -0.452470 1.145948 -2.455442
v -0.452470 1.107797 -2.394250
v -0.452470 1.108874 -2.225466
v -0.452470 1.146337 -2.394496
v -0.452470 1.147414 -2.225713
v -0.452470 1.109345 -2.151729
v -0.452470 1.147885 -2.151975
v -0.452470 1.107408 -2.455196
v -0.452470 1.145948 -2.455442
v -0.452470 1.107797 -2.394250
v -0.452470 1.108874 -2.225466
v -0.452470 1.146337 -2.394496
v -0.452470 1.147414 -2.225713
v -0.452470 1.109345 -2.151729
v -0.452470 1.147885 -2.151975
v -0.452470 1.107408 -2.455196
v -0.452470 1.145948 -2.455442
v -0.452470 1.107797 -2.394250
v -0.452470 1.146337 -2.394496
v -0.452470 1.107408 -2.455196
v -0.452470 1.145948 -2.455442
v -0.452470 1.107797 -2.394250
v -0.452470 1.108874 -2.225466
v -0.452470 1.146337 -2.394496
v -0.452470 1.147414 -2.225713
v -0.452470 1.109345 -2.151729
v -0.452470 1.147885 -2.151975
v -0.452470 1.107797 -2.394250
v -0.452470 1.146337 -2.394496
v -0.452470 1.107408 -2.455196
v -0.452470 1.145948 -2.455442
v -0.452470 1.107797 -2.394250
v -0.452470 1.108874 -2.225466
v -0.452470 1.146337 -2.394496
v -0.452470 1.147414 -2.225713
v -0.452470 1.109345 -2.151729
v -0.452470 1.147885 -2.151975
v -0.452470 1.107797 -2.394250
v -0.452470 1.146337 -2.394496
v -0.452470 1.107408 -2.455196
v -0.452470 1.145948 -2.455442
v -0.452470 1.107797 -2.394250
v -0.452470 1.108874 -2.225466
v -0.452470 1.146337 -2.394496
v -0.452470 1.147414 -2.225713
v -0.452470 1.109345 -2.151729
v -0.452470 1.147885 -2.151975
v -0.452470 1.107797 -2.394250
v -0.452470 1.146337 -2.394496
v -0.452470 1.107408 -2.455196
v -0.452470 1.145948 -2.455442
v -0.452470 1.107408 -2.455196
v -0.452470 1.145948 -2.455442
v -0.916046 1.234639 -2.455047
v -0.916046 1.235716 -2.286263
v -0.916046 1.246867 -2.455293
v -0.916046 1.247945 -2.286509
v -0.916046 1.248416 -2.212771
v -0.916046 1.236187 -2.212525
v -0.916046 1.246478 -2.516238
v -0.916046 1.234250 -2.515992
vn 1.0000 -0.0000 -0.0000
vn -0.0000 -0.6578 -0.7532
vn 0.9789 0.1921 -0.0700
vn -1.0000 -0.0000 -0.0000
vn -0.0000 -0.9396 0.3423
vn -0.0000 -0.4961 -0.8682
vn -0.0000 0.6675 0.7446
vn -0.0000 0.6578 0.7532
vn -0.0000 1.0000 -0.0000
vn -0.0000 -1.0000 0.0064
vn -0.0000 1.0000 -0.0064
vn -0.2641 0.9645 -0.0062
vn -0.0000 0.0064 1.0000
vn -0.0000 -0.0064 -1.0000
vn -0.9789 -0.1921 0.0700
vn 0.3263 -0.9452 0.0060
vn 0.1599 0.0096 0.9871
vn -0.1599 -0.0096 -0.9871
vn -0.9789 0.1921 -0.0700
vn 0.2641 0.9645 -0.0062
vn 0.9789 -0.1921 0.0700
vn -0.3263 -0.9452 0.0060
vn -0.1599 0.0096 0.9871
vn 0.1599 -0.0096 -0.9871
vt 0.625000 0.750000
vt 0.625000 0.500000
vt 0.375000 0.375000
vt 0.625000 0.375000
vt 0.375000 0.500000
vt 0.375000 0.750000
vt 0.000000 0.000000
vt 0.250000 0.500000
vt 0.250000 0.750000
vt 0.625000 0.875000
vt 0.375000 0.875000
vt 0.750000 0.500000
vt 0.750000 0.750000
s 0
usemtl Trim.001
f 1435/99/198 1437/100/198 1432/100/198 1433/99/198
f 1438/101/199 1439/102/199 1437/100/199 1436/103/199
f 1436/103/200 1437/100/200 1435/99/200 1434/104/200
f 1439/105/201 1441/105/201 1430/105/201 1431/105/201
f 1438/106/202 1436/103/202 1434/104/202 1440/107/202
f 1437/100/203 1439/102/203 1431/102/203 1432/100/203
f 1441/108/204 1435/99/204 1433/99/204 1430/108/204
f 1434/104/205 1435/99/205 1441/108/205 1440/109/205
f 1433/99/206 1432/100/206 1444/100/206 1442/99/206
f 1444/100/207 1445/102/207 1454/102/207 1455/100/207
f 1432/100/206 1431/102/206 1445/102/206 1444/100/206
f 1431/105/206 1430/105/206 1443/105/206 1445/105/206
f 1430/108/206 1433/99/206 1442/99/206 1443/108/206
f 1448/100/208 1449/110/208 1447/111/208 1446/99/208
f 1446/99/209 1452/99/209 1558/99/209 1557/99/209
f 1449/110/206 1456/110/206 1465/110/206 1460/110/206
f 1448/100/209 1446/99/209 1557/99/209 1556/100/209
f 1451/108/210 1450/99/210 1452/99/210 1453/108/210
f 1446/99/208 1447/111/208 1453/111/208 1452/99/208
f 1447/111/206 1449/110/206 1460/110/206 1461/111/206
f 1443/108/207 1442/99/207 1450/99/207 1451/108/207
f 1455/100/211 1454/102/211 1456/102/211 1457/100/211
f 1443/108/206 1451/108/206 1462/108/206 1459/108/206
f 1457/100/209 1448/100/209 1556/100/209 1560/100/209
f 1449/110/208 1448/100/208 1457/100/208 1456/110/208
f 1460/110/206 1465/110/206 1473/110/206 1468/110/206
f 1458/105/206 1459/105/206 1467/105/206 1466/105/206
f 1462/108/206 1463/108/206 1471/108/206 1470/108/206
f 1451/108/206 1453/108/206 1463/108/206 1462/108/206
f 1454/102/206 1445/102/206 1458/102/206 1464/102/206
f 1456/102/206 1454/102/206 1464/102/206 1465/102/206
f 1445/105/206 1443/105/206 1459/105/206 1458/105/206
f 1453/111/206 1447/111/206 1461/111/206 1463/111/206
f 1470/108/206 1471/108/206 1479/108/206 1478/108/206
f 1467/108/206 1470/108/206 1478/108/206 1475/108/206
f 1472/102/206 1466/102/206 1474/102/206 1480/102/206
f 1465/102/206 1464/102/206 1472/102/206 1473/102/206
f 1463/111/206 1461/111/206 1469/111/206 1471/111/206
f 1461/111/206 1460/110/206 1468/110/206 1469/111/206
f 1464/102/206 1458/102/206 1466/102/206 1472/102/206
f 1459/108/206 1462/108/206 1470/108/206 1467/108/206
f 1480/102/206 1474/102/206 1482/102/206 1488/102/206
f 1477/111/206 1476/110/206 1484/110/206 1485/111/206
f 1479/111/206 1477/111/206 1485/111/206 1487/111/206
f 1466/105/206 1467/105/206 1475/105/206 1474/105/206
f 1468/110/206 1473/110/206 1481/110/206 1476/110/206
f 1473/102/206 1472/102/206 1480/102/206 1481/102/206
f 1471/111/206 1469/111/206 1477/111/206 1479/111/206
f 1469/111/206 1468/110/206 1476/110/206 1477/111/206
f 1489/102/206 1488/102/206 1496/102/206 1497/102/206
f 1484/110/206 1489/110/206 1497/110/206 1492/110/206
f 1482/105/206 1483/105/206 1491/105/206 1490/105/206
f 1475/108/206 1478/108/206 1486/108/206 1483/108/206
f 1478/108/206 1479/108/206 1487/108/206 1486/108/206
f 1474/105/206 1475/105/206 1483/105/206 1482/105/206
f 1476/110/206 1481/110/206 1489/110/206 1484/110/206
f 1481/102/206 1480/102/206 1488/102/206 1489/102/206
f 1500/102/206 1498/102/206 1508/102/206 1510/102/206
f 1493/111/206 1492/110/206 1504/110/206 1505/111/206
f 1490/105/206 1492/105/206 1499/105/206 1498/105/206
f 1487/111/206 1485/111/206 1493/111/206 1495/111/206
f 1485/111/206 1484/110/206 1492/110/206 1493/111/206
f 1488/102/206 1482/102/206 1490/102/206 1496/102/206
f 1483/108/206 1486/108/206 1494/108/206 1491/108/206
f 1486/108/206 1487/108/206 1495/108/206 1494/108/206
f 1494/108/206 1495/108/206 1507/108/206 1506/108/206
f 1492/110/206 1497/110/206 1501/110/206 1499/110/206
f 1497/102/206 1496/102/206 1500/102/206 1501/102/206
f 1496/102/206 1490/102/206 1498/102/206 1500/102/206
f 1505/111/206 1504/110/206 1514/110/206 1515/111/206
f 1506/108/206 1507/108/206 1517/108/206 1516/108/206
f 1508/105/206 1509/105/206 1519/105/206 1518/105/206
f 1495/111/206 1493/111/206 1505/111/206 1507/111/206
f 1499/110/206 1501/110/206 1511/110/206 1509/110/206
f 1492/105/206 1490/105/206 1502/105/206 1504/105/206
f 1498/105/206 1499/105/206 1509/105/206 1508/105/206
f 1491/108/206 1494/108/206 1506/108/206 1503/108/206
f 1490/105/206 1491/105/206 1503/105/206 1502/105/206
f 1501/102/206 1500/102/206 1510/102/206 1511/102/206
f 1521/102/206 1520/102/206 1530/102/206 1531/102/206
f 1515/111/206 1514/110/206 1524/110/206 1525/111/206
f 1516/108/206 1517/108/206 1527/108/206 1526/108/206
f 1511/102/206 1510/102/206 1520/102/206 1521/102/206
f 1507/111/206 1505/111/206 1515/111/206 1517/111/206
f 1504/105/206 1502/105/206 1512/105/206 1514/105/206
f 1510/102/206 1508/102/206 1518/102/206 1520/102/206
f 1503/108/206 1506/108/206 1516/108/206 1513/108/206
f 1509/110/206 1511/110/206 1521/110/206 1519/110/206
f 1502/105/206 1503/105/206 1513/105/206 1512/105/206
f 1522/105/201 1523/105/201 1525/105/201 1524/105/201
f 1525/105/201 1523/105/201 1526/105/201 1527/105/201
f 1528/105/201 1529/105/201 1531/105/201 1530/105/201
f 1517/111/206 1515/111/206 1525/111/206 1527/111/206
f 1514/105/206 1512/105/206 1522/105/206 1524/105/206
f 1520/102/206 1518/102/206 1528/102/206 1530/102/206
f 1513/108/206 1516/108/206 1526/108/206 1523/108/206
f 1519/110/206 1521/110/206 1531/110/206 1529/110/206
f 1512/105/206 1513/105/206 1523/105/206 1522/105/206
f 1518/105/206 1519/105/206 1529/105/206 1528/105/206
f 1441/108/212 1439/102/212 1438/106/212 1440/109/212
f 1531/105/206 1530/105/206 1532/105/206 1533/105/206
f 1533/105/211 1532/105/211 1534/105/211 1535/105/211
f 1479/108/211 1478/108/211 1542/108/211 1543/108/211
f 1527/108/211 1526/108/211 1552/108/211 1553/108/211
f 1471/108/211 1470/108/211 1540/108/211 1541/108/211
f 1517/108/211 1516/108/211 1550/108/211 1551/108/211
f 1495/108/211 1494/108/211 1546/108/211 1547/108/211
f 1507/108/211 1506/108/211 1548/108/211 1549/108/211
f 1453/108/211 1451/108/211 1536/108/211 1537/108/211
f 1462/108/210 1463/108/210 1539/108/210 1538/108/210
f 1487/108/211 1486/108/211 1544/108/211 1545/108/211
f 1533/105/208 1535/105/208 1543/108/208 1479/108/208
f 1534/105/207 1532/105/207 1478/108/207 1542/108/207
f 1555/99/198 1554/100/198 1556/100/198 1557/99/198
f 1555/99/198 1557/99/198 1558/99/198 1559/99/198
f 1556/100/198 1554/100/198 1561/100/198 1560/100/198
f 1444/100/213 1455/100/213 1561/100/213 1554/100/213
f 1452/99/214 1450/99/214 1559/99/214 1558/99/214
f 1455/100/215 1457/100/215 1560/100/215 1561/100/215
f 1442/99/213 1444/100/213 1554/100/213 1555/99/213
f 1450/99/213 1442/99/213 1555/99/213 1559/99/213
f 1567/99/201 1565/99/201 1564/100/201 1569/100/201
f 1570/101/199 1568/103/199 1569/100/199 1571/102/199
f 1568/103/216 1566/104/216 1567/99/216 1569/100/216
f 1571/105/198 1563/105/198 1562/105/198 1573/105/198
f 1570/106/202 1572/107/202 1566/104/202 1568/103/202
f 1569/100/203 1564/100/203 1563/102/203 1571/102/203
f 1573/108/204 1562/108/204 1565/99/204 1567/99/204
f 1566/104/205 1572/109/205 1573/108/205 1567/99/205
f 1565/99/206 1574/99/206 1576/100/206 1564/100/206
f 1576/100/207 1587/100/207 1586/102/207 1577/102/207
f 1564/100/206 1576/100/206 1577/102/206 1563/102/206
f 1563/105/206 1577/105/206 1575/105/206 1562/105/206
f 1562/108/206 1575/108/206 1574/99/206 1565/99/206
f 1580/100/208 1578/99/208 1579/111/208 1581/110/208
f 1578/99/217 1669/99/217 1670/99/217 1584/99/217
f 1581/110/206 1592/110/206 1597/110/206 1588/110/206
f 1580/100/217 1668/100/217 1669/99/217 1578/99/217
f 1583/108/210 1585/108/210 1584/99/210 1582/99/210
f 1578/99/208 1584/99/208 1585/111/208 1579/111/208
f 1579/111/206 1593/111/206 1592/110/206 1581/110/206
f 1575/108/207 1583/108/207 1582/99/207 1574/99/207
f 1587/100/211 1589/100/211 1588/102/211 1586/102/211
f 1575/108/206 1591/108/206 1594/108/206 1583/108/206
f 1589/100/217 1672/100/217 1668/100/217 1580/100/217
f 1581/110/208 1588/110/208 1589/100/208 1580/100/208
f 1592/110/206 1600/110/206 1605/110/206 1597/110/206
f 1590/105/206 1598/105/206 1599/105/206 1591/105/206
f 1594/108/206 1602/108/206 1603/108/206 1595/108/206
f 1583/108/206 1594/108/206 1595/108/206 1585/108/206
f 1586/102/206 1596/102/206 1590/102/206 1577/102/206
f 1588/102/206 1597/102/206 1596/102/206 1586/102/206
f 1577/105/206 1590/105/206 1591/105/206 1575/105/206
f 1585/111/206 1595/111/206 1593/111/206 1579/111/206
f 1602/108/206 1610/108/206 1611/108/206 1603/108/206
f 1599/108/206 1607/108/206 1610/108/206 1602/108/206
f 1604/102/206 1612/102/206 1606/102/206 1598/102/206
f 1597/102/206 1605/102/206 1604/102/206 1596/102/206
f 1595/111/206 1603/111/206 1601/111/206 1593/111/206
f 1593/111/206 1601/111/206 1600/110/206 1592/110/206
f 1596/102/206 1604/102/206 1598/102/206 1590/102/206
f 1591/108/206 1599/108/206 1602/108/206 1594/108/206
f 1612/102/206 1620/102/206 1614/102/206 1606/102/206
f 1609/111/206 1617/111/206 1616/110/206 1608/110/206
f 1611/111/206 1619/111/206 1617/111/206 1609/111/206
f 1598/105/206 1606/105/206 1607/105/206 1599/105/206
f 1600/110/206 1608/110/206 1613/110/206 1605/110/206
f 1605/102/206 1613/102/206 1612/102/206 1604/102/206
f 1603/111/206 1611/111/206 1609/111/206 1601/111/206
f 1601/111/206 1609/111/206 1608/110/206 1600/110/206
f 1621/102/206 1629/102/206 1628/102/206 1620/102/206
f 1616/110/206 1624/110/206 1629/110/206 1621/110/206
f 1614/105/206 1622/105/206 1623/105/206 1615/105/206
f 1607/108/206 1615/108/206 1618/108/206 1610/108/206
f 1610/108/206 1618/108/206 1619/108/206 1611/108/206
f 1606/105/206 1614/105/206 1615/105/206 1607/105/206
f 1608/110/206 1616/110/206 1621/110/206 1613/110/206
f 1613/102/206 1621/102/206 1620/102/206 1612/102/206
f 1632/102/206 1642/102/206 1640/102/206 1630/102/206
f 1625/111/206 1637/111/206 1636/110/206 1624/110/206
f 1622/105/206 1630/105/206 1631/105/206 1624/105/206
f 1619/111/206 1627/111/206 1625/111/206 1617/111/206
f 1617/111/206 1625/111/206 1624/110/206 1616/110/206
f 1620/102/206 1628/102/206 1622/102/206 1614/102/206
f 1615/108/206 1623/108/206 1626/108/206 1618/108/206
f 1618/108/206 1626/108/206 1627/108/206 1619/108/206
f 1626/108/206 1638/108/206 1639/108/206 1627/108/206
f 1624/110/206 1631/110/206 1633/110/206 1629/110/206
f 1629/102/206 1633/102/206 1632/102/206 1628/102/206
f 1628/102/206 1632/102/206 1630/102/206 1622/102/206
f 1637/111/206 1647/111/206 1646/110/206 1636/110/206
f 1638/108/206 1648/108/206 1649/108/206 1639/108/206
f 1640/105/206 1650/105/206 1651/105/206 1641/105/206
f 1627/111/206 1639/111/206 1637/111/206 1625/111/206
f 1631/110/206 1641/110/206 1643/110/206 1633/110/206
f 1624/105/206 1636/105/206 1634/105/206 1622/105/206
f 1630/105/206 1640/105/206 1641/105/206 1631/105/206
f 1623/108/206 1635/108/206 1638/108/206 1626/108/206
f 1622/105/206 1634/105/206 1635/105/206 1623/105/206
f 1633/102/206 1643/102/206 1642/102/206 1632/102/206
f 1653/102/206 1663/102/206 1662/102/206 1652/102/206
f 1647/111/206 1657/111/206 1656/110/206 1646/110/206
f 1648/108/206 1658/108/206 1659/108/206 1649/108/206
f 1643/102/206 1653/102/206 1652/102/206 1642/102/206
f 1639/111/206 1649/111/206 1647/111/206 1637/111/206
f 1636/105/206 1646/105/206 1644/105/206 1634/105/206
f 1642/102/206 1652/102/206 1650/102/206 1640/102/206
f 1635/108/206 1645/108/206 1648/108/206 1638/108/206
f 1641/110/206 1651/110/206 1653/110/206 1643/110/206
f 1634/105/206 1644/105/206 1645/105/206 1635/105/206
f 1654/105/198 1656/105/198 1657/105/198 1655/105/198
f 1657/105/198 1659/105/198 1658/105/198 1655/105/198
f 1660/105/198 1662/105/198 1663/105/198 1661/105/198
f 1649/111/206 1659/111/206 1657/111/206 1647/111/206
f 1646/105/206 1656/105/206 1654/105/206 1644/105/206
f 1652/102/206 1662/102/206 1660/102/206 1650/102/206
f 1645/108/206 1655/108/206 1658/108/206 1648/108/206
f 1651/110/206 1661/110/206 1663/110/206 1653/110/206
f 1644/105/206 1654/105/206 1655/105/206 1645/105/206
f 1650/105/206 1660/105/206 1661/105/206 1651/105/206
f 1573/108/218 1572/109/218 1570/106/218 1571/102/218
f 1663/105/206 1665/105/206 1664/105/206 1662/105/206
f 1665/105/211 1535/105/211 1534/105/211 1664/105/211
f 1611/108/211 1543/108/211 1542/108/211 1610/108/211
f 1659/108/211 1553/108/211 1552/108/211 1658/108/211
f 1603/108/211 1541/108/211 1540/108/211 1602/108/211
f 1649/108/211 1551/108/211 1550/108/211 1648/108/211
f 1627/108/211 1547/108/211 1546/108/211 1626/108/211
f 1639/108/211 1549/108/211 1548/108/211 1638/108/211
f 1585/108/211 1537/108/211 1536/108/211 1583/108/211
f 1594/108/210 1538/108/210 1539/108/210 1595/108/210
f 1619/108/211 1545/108/211 1544/108/211 1618/108/211
f 1665/105/208 1611/108/208 1543/108/208 1535/105/208
f 1534/105/207 1542/108/207 1610/108/207 1664/105/207
f 1667/99/201 1669/99/201 1668/100/201 1666/100/201
f 1667/99/201 1671/99/201 1670/99/201 1669/99/201
f 1668/100/201 1672/100/201 1673/100/201 1666/100/201
f 1576/100/219 1666/100/219 1673/100/219 1587/100/219
f 1584/99/220 1670/99/220 1671/99/220 1582/99/220
f 1587/100/221 1673/100/221 1672/100/221 1589/100/221
f 1574/99/219 1667/99/219 1666/100/219 1576/100/219
f 1582/99/219 1671/99/219 1667/99/219 1574/99/219
